generation,total_wire_length,total_cap,overlap_score,wire_cross_count,wire_overlap_len,total_pin_dist,repulsion_penalty,fitness
0,0.0,0.0,0.0,0.0,0.0,422.77682069002975,87.50898461145015,298.897394956465
1,0.0,0.0,0.0,0.0,0.0,413.4007073038916,89.7190360638303,296.4193897157761
2,0.0,0.0,0.0,0.0,0.0,413.4007073038916,89.7190360638303,296.35048959789214
3,0.0,0.0,0.0,0.0,0.0,417.9842641739459,81.84121230202082,290.6940163009358
4,0.0,0.0,0.0,0.0,0.0,417.9842641739459,81.84121230202082,290.62435225690683
5,0.0,0.0,0.0,0.0,0.0,420.00730617351417,78.63575388930904,288.3594021052838
6,0.0,0.0,0.0,0.0,0.0,420.00730617351417,78.63575388930904,288.2894008875882
7,0.0,0.0,0.0,0.0,0.0,420.00730617351417,78.63575388930904,288.2193996698926
8,0.0,0.0,0.0,0.0,0.0,417.71859052958564,78.27723235231024,286.6491892614852
9,0.0,0.0,0.0,0.0,0.0,425.70525523279275,69.93345112487296,282.2184717342923
10,0.0,0.0,0.0,0.0,0.0,425.70525523279275,69.93345112487296,282.14752085842014
11,0.0,0.0,0.0,0.0,0.0,431.4703204810694,65.78278226610877,280.79882530584166
12,0.0,0.0,0.0,0.0,0.0,431.4703204810694,65.78278226610877,280.7269135857615
13,0.0,0.0,0.0,0.0,0.0,420.6665679874112,70.19942171277918,279.69137257051
14,0.0,0.0,0.0,0.0,0.0,420.6665679874112,70.19942171277918,279.6212614758454
15,0.0,0.0,0.0,0.0,0.0,420.6665679874112,70.19942171277918,279.55115038118083
16,0.0,0.0,0.0,0.0,0.0,420.6665679874112,70.19942171277918,279.48103928651625
17,0.0,0.0,0.0,0.0,0.0,426.3014790034708,67.17491932927521,279.18885488700136
18,0.0,0.0,0.0,0.0,0.0,423.19308825786135,67.8347944033652,278.2322914488986
19,0.0,0.0,0.0,0.0,0.0,423.19308825786135,67.8347944033652,278.16175926752226
20,0.0,0.0,0.0,0.0,0.0,423.19308825786135,67.8347944033652,278.091227086146
21,0.0,0.0,0.0,0.0,0.0,423.19308825786135,67.8347944033652,278.02069490476964
22,0.0,0.0,0.0,0.0,0.0,423.19308825786135,67.8347944033652,277.95016272339336
23,0.0,0.0,0.0,0.0,0.0,423.19308825786135,67.8347944033652,277.879630542017
24,0.0,0.0,0.0,0.0,0.0,423.19308825786135,67.8347944033652,277.80909836064075
25,0.0,0.0,0.0,0.0,0.0,423.19308825786135,67.8347944033652,277.7385661792644
26,0.0,0.0,0.0,0.0,0.0,423.19308825786135,67.8347944033652,277.66803399788813
27,0.0,0.0,0.0,0.0,0.0,423.19308825786135,67.8347944033652,277.5975018165118
28,0.0,0.0,0.0,0.0,0.0,423.19308825786135,67.8347944033652,277.5269696351355
29,0.0,0.0,0.0,0.0,0.0,423.19308825786135,67.8347944033652,277.4564374537592
30,0.0,0.0,0.0,0.0,0.0,423.19308825786135,67.8347944033652,277.38590527238284
31,0.0,0.0,0.0,0.0,0.0,423.19308825786135,67.8347944033652,277.31537309100656
32,0.0,0.0,0.0,0.0,0.0,423.19308825786135,67.8347944033652,277.2448409096303
33,0.0,0.0,0.0,0.0,0.0,423.19308825786135,67.8347944033652,277.17430872825395
34,0.0,0.0,0.0,0.0,0.0,423.19308825786135,67.8347944033652,277.1037765468776
35,0.0,0.0,0.0,0.0,0.0,423.19308825786135,67.8347944033652,277.03324436550133
36,0.0,0.0,0.0,0.0,0.0,423.19308825786135,67.8347944033652,276.962712184125
37,0.0,0.0,0.0,0.0,0.0,423.19308825786135,67.8347944033652,276.8921800027487
38,0.0,0.0,0.0,0.0,0.0,423.19308825786135,67.8347944033652,276.8216478213724
39,0.0,0.0,0.0,0.0,0.0,423.19308825786135,67.8347944033652,276.75111563999604
40,0.0,0.0,0.0,0.0,0.0,423.19308825786135,67.8347944033652,276.68058345861976
41,0.0,0.0,0.0,0.0,0.0,423.19308825786135,67.8347944033652,276.6100512772435
42,0.0,0.0,0.0,0.0,0.0,423.19308825786135,67.8347944033652,276.53951909586715
43,0.0,0.0,0.0,0.0,0.0,423.19308825786135,67.8347944033652,276.4689869144908
44,0.0,0.0,0.0,0.0,0.0,423.19308825786135,67.8347944033652,276.39845473311453
45,0.0,0.0,0.0,0.0,0.0,423.19308825786135,67.8347944033652,276.3279225517382
46,0.0,0.0,0.0,0.0,0.0,423.19308825786135,67.8347944033652,276.2573903703619
47,0.0,0.0,0.0,0.0,0.0,423.19308825786135,67.8347944033652,276.1868581889856
48,0.0,0.0,0.0,0.0,0.0,423.19308825786135,67.8347944033652,276.1163260076093
49,0.0,0.0,0.0,0.0,0.0,423.19308825786135,67.8347944033652,276.04579382623297
50,0.0,0.0,0.0,0.0,0.0,423.19308825786135,67.8347944033652,275.9752616448567
51,0.0,0.0,0.0,0.0,0.0,423.19308825786135,67.8347944033652,275.90472946348035
52,0.0,0.0,0.0,0.0,0.0,423.19308825786135,67.8347944033652,275.83419728210407
53,0.0,0.0,0.0,0.0,0.0,423.19308825786135,67.8347944033652,275.76366510072774
54,0.0,0.0,0.0,0.0,0.0,423.19308825786135,67.8347944033652,275.6931329193514
55,0.0,0.0,0.0,0.0,0.0,423.19308825786135,67.8347944033652,275.6226007379751
56,0.0,0.0,0.0,0.0,0.0,423.19308825786135,67.8347944033652,275.5520685565988
57,0.0,0.0,0.0,0.0,0.0,423.19308825786135,67.8347944033652,275.4815363752225
58,0.0,0.0,0.0,0.0,0.0,423.19308825786135,67.8347944033652,275.41100419384617
59,0.0,0.0,0.0,0.0,0.0,423.19308825786135,67.8347944033652,275.3404720124699
60,0.0,0.0,0.0,0.0,0.0,423.19308825786135,67.8347944033652,275.26993983109355
61,0.0,0.0,0.0,0.0,0.0,423.19308825786135,67.8347944033652,275.1994076497173
62,0.0,0.0,0.0,0.0,0.0,423.19308825786135,67.8347944033652,275.12887546834094
63,0.0,0.0,0.0,0.0,0.0,423.19308825786135,67.8347944033652,275.05834328696466
64,0.0,0.0,0.0,0.0,0.0,423.19308825786135,67.8347944033652,274.9878111055883
65,0.0,0.0,0.0,0.0,0.0,423.19308825786135,67.8347944033652,274.91727892421204
66,0.0,0.0,0.0,0.0,0.0,423.19308825786135,67.8347944033652,274.8467467428357
67,0.0,0.0,0.0,0.0,0.0,423.19308825786135,67.8347944033652,274.77621456145937
68,0.0,0.0,0.0,0.0,0.0,423.19308825786135,67.8347944033652,274.7056823800831
69,0.0,0.0,0.0,0.0,0.0,423.19308825786135,67.8347944033652,274.6351501987068
70,0.0,0.0,0.0,0.0,0.0,423.19308825786135,67.8347944033652,274.5646180173305
71,0.0,0.0,0.0,0.0,0.0,423.19308825786135,67.8347944033652,274.49408583595414
72,0.0,0.0,0.0,0.0,0.0,423.19308825786135,67.8347944033652,274.42355365457786
73,0.0,0.0,0.0,0.0,0.0,423.19308825786135,67.8347944033652,274.3530214732015
74,0.0,0.0,0.0,0.0,0.0,423.19308825786135,67.8347944033652,274.28248929182524
75,0.0,0.0,0.0,0.0,0.0,423.19308825786135,67.8347944033652,274.2119571104489
76,0.0,0.0,0.0,0.0,0.0,423.19308825786135,67.8347944033652,274.14142492907257
77,0.0,0.0,0.0,0.0,0.0,423.19308825786135,67.8347944033652,274.0708927476963
78,0.0,0.0,0.0,0.0,0.0,423.19308825786135,67.8347944033652,274.00036056632
79,0.0,0.0,0.0,0.0,0.0,423.19308825786135,67.8347944033652,273.9298283849437
80,0.0,0.0,0.0,0.0,0.0,423.19308825786135,67.8347944033652,273.85929620356734
81,0.0,0.0,0.0,0.0,0.0,423.19308825786135,67.8347944033652,273.78876402219106
82,0.0,0.0,0.0,0.0,0.0,423.19308825786135,67.8347944033652,273.7182318408147
83,0.0,0.0,0.0,0.0,0.0,423.19308825786135,67.8347944033652,273.64769965943844
84,0.0,0.0,0.0,0.0,0.0,423.19308825786135,67.8347944033652,273.5771674780621
85,0.0,0.0,0.0,0.0,0.0,423.19308825786135,67.8347944033652,273.50663529668583
86,0.0,0.0,0.0,0.0,0.0,423.16068565479486,67.8211568456458,273.40672329293363
87,0.0,0.0,0.0,0.0,0.0,423.16068565479486,67.8211568456458,273.3361965119912
88,0.0,0.0,0.0,0.0,0.0,423.16068565479486,67.8211568456458,273.2656697310487
89,0.0,0.0,0.0,0.0,0.0,423.16068565479486,67.8211568456458,273.19514295010623
90,0.0,0.0,0.0,0.0,0.0,423.16068565479486,67.8211568456458,273.1246161691638
91,0.0,0.0,0.0,0.0,0.0,423.16068565479486,67.8211568456458,273.0540893882213
92,0.0,0.0,0.0,0.0,0.0,423.16068565479486,67.8211568456458,272.9835626072788
93,0.0,0.0,0.0,0.0,0.0,423.16068565479486,67.8211568456458,272.9130358263364
94,0.0,0.0,0.0,0.0,0.0,423.16068565479486,67.8211568456458,272.8425090453939
95,0.0,0.0,0.0,0.0,0.0,423.16068565479486,67.8211568456458,272.7719822644514
96,0.0,0.0,0.0,0.0,0.0,423.16068565479486,67.8211568456458,272.701455483509
97,0.0,0.0,0.0,0.0,0.0,423.16068565479486,67.8211568456458,272.6309287025665
98,0.0,0.0,0.0,0.0,0.0,423.16068565479486,67.8211568456458,272.5604019216241
99,0.0,0.0,0.0,0.0,0.0,423.16068565479486,67.8211568456458,272.4898751406816
100,0.0,0.0,0.0,0.0,0.0,421.19912957200495,68.71256632755241,272.3623454756168
101,0.0,0.0,0.0,0.0,0.0,421.19912957200495,68.71256632755241,272.29214562068813
102,0.0,0.0,0.0,0.0,0.0,421.19912957200495,68.71256632755241,272.2219457657595
103,0.0,0.0,0.0,0.0,0.0,421.19912957200495,68.71256632755241,272.1517459108308
104,0.0,0.0,0.0,0.0,0.0,421.19912957200495,68.71256632755241,272.08154605590215
105,0.0,0.0,0.0,0.0,0.0,421.19912957200495,68.71256632755241,272.0113462009735
106,0.0,0.0,0.0,0.0,0.0,421.19912957200495,68.71256632755241,271.9411463460448
107,0.0,0.0,0.0,0.0,0.0,421.19912957200495,68.71256632755241,271.8709464911161
108,0.0,0.0,0.0,0.0,0.0,421.19912957200495,68.71256632755241,271.80074663618745
109,0.0,0.0,0.0,0.0,0.0,422.1013540390078,68.24875541374247,271.70160806054423
110,0.0,0.0,0.0,0.0,0.0,422.1013540390078,68.24875541374247,271.63125783487106
111,0.0,0.0,0.0,0.0,0.0,422.1013540390078,68.24875541374247,271.5609076091979
112,0.0,0.0,0.0,0.0,0.0,422.1013540390078,68.24875541374247,271.49055738352473
113,0.0,0.0,0.0,0.0,0.0,422.1013540390078,68.24875541374247,271.42020715785156
114,0.0,0.0,0.0,0.0,0.0,422.1013540390078,68.24875541374247,271.3498569321784
115,0.0,0.0,0.0,0.0,0.0,422.1013540390078,68.24875541374247,271.27950670650523
116,0.0,0.0,0.0,0.0,0.0,422.1013540390078,68.24875541374247,271.20915648083206
117,0.0,0.0,0.0,0.0,0.0,422.1013540390078,68.24875541374247,271.1388062551589
118,0.0,0.0,0.0,0.0,0.0,426.6556342506562,66.00895405574242,271.0169863131827
119,0.0,0.0,0.0,0.0,0.0,426.6556342506562,66.00895405574242,270.9458770408076
120,0.0,0.0,0.0,0.0,0.0,426.6556342506562,66.00895405574242,270.8747677684325
121,0.0,0.0,0.0,0.0,0.0,426.6556342506562,66.00895405574242,270.8036584960574
122,0.0,0.0,0.0,0.0,0.0,426.6556342506562,66.00895405574242,270.73254922368227
123,0.0,0.0,0.0,0.0,0.0,426.6556342506562,66.00895405574242,270.66143995130716
124,0.0,0.0,0.0,0.0,0.0,426.6556342506562,66.00895405574242,270.59033067893205
125,0.0,0.0,0.0,0.0,0.0,426.6556342506562,66.00895405574242,270.51922140655694
126,0.0,0.0,0.0,0.0,0.0,426.6556342506562,66.00895405574242,270.4481121341818
127,0.0,0.0,0.0,0.0,0.0,426.6556342506562,66.00895405574242,270.3770028618067
128,0.0,0.0,0.0,0.0,0.0,426.6556342506562,66.00895405574242,270.3058935894316
129,0.0,0.0,0.0,0.0,0.0,426.6556342506562,66.00895405574242,270.23478431705655
130,0.0,0.0,0.0,0.0,0.0,426.6556342506562,66.00895405574242,270.1636750446814
131,0.0,0.0,0.0,0.0,0.0,426.6556342506562,66.00895405574242,270.0925657723063
132,0.0,0.0,0.0,0.0,0.0,426.6556342506562,66.00895405574242,270.0214564999312
133,0.0,0.0,0.0,0.0,0.0,426.6556342506562,66.00895405574242,269.95034722755605
134,0.0,0.0,0.0,0.0,0.0,426.6556342506562,66.00895405574242,269.879237955181
135,0.0,0.0,0.0,0.0,0.0,426.6556342506562,66.00895405574242,269.8081286828059
136,0.0,0.0,0.0,0.0,0.0,426.6556342506562,66.00895405574242,269.7370194104307
137,0.0,0.0,0.0,0.0,0.0,426.6556342506562,66.00895405574242,269.66591013805566
138,0.0,0.0,0.0,0.0,0.0,426.6556342506562,66.00895405574242,269.59480086568055
139,0.0,0.0,0.0,0.0,0.0,426.6556342506562,66.00895405574242,269.52369159330544
140,0.0,0.0,0.0,0.0,0.0,426.6556342506562,66.00895405574242,269.45258232093033
141,0.0,0.0,0.0,0.0,0.0,426.6556342506562,66.00895405574242,269.3814730485552
142,0.0,0.0,0.0,0.0,0.0,426.6556342506562,66.00895405574242,269.3103637761801
143,0.0,0.0,0.0,0.0,0.0,426.6556342506562,66.00895405574242,269.239254503805
144,0.0,0.0,0.0,0.0,0.0,426.6556342506562,66.00895405574242,269.1681452314299
145,0.0,0.0,0.0,0.0,0.0,426.6556342506562,66.00895405574242,269.0970359590548
146,0.0,0.0,0.0,0.0,0.0,426.6556342506562,66.00895405574242,269.02592668667967
147,0.0,0.0,0.0,0.0,0.0,426.6556342506562,66.00895405574242,268.95481741430456
148,0.0,0.0,0.0,0.0,0.0,426.6556342506562,66.00895405574242,268.88370814192945
149,0.0,0.0,0.0,0.0,0.0,426.6556342506562,66.00895405574242,268.81259886955434
150,0.0,0.0,0.0,0.0,0.0,426.6556342506562,66.00895405574242,268.7414895971792
151,0.0,0.0,0.0,0.0,0.0,426.6556342506562,66.00895405574242,268.6703803248041
152,0.0,0.0,0.0,0.0,0.0,426.6556342506562,66.00895405574242,268.599271052429
153,0.0,0.0,0.0,0.0,0.0,426.6556342506562,66.00895405574242,268.5281617800539
154,0.0,0.0,0.0,0.0,0.0,426.6556342506562,66.00895405574242,268.4570525076788
155,0.0,0.0,0.0,0.0,0.0,426.6556342506562,66.00895405574242,268.38594323530367
156,0.0,0.0,0.0,0.0,0.0,426.6556342506562,66.00895405574242,268.31483396292856
157,0.0,0.0,0.0,0.0,0.0,426.6556342506562,66.00895405574242,268.24372469055345
158,0.0,0.0,0.0,0.0,0.0,426.6556342506562,66.00895405574242,268.17261541817834
159,0.0,0.0,0.0,0.0,0.0,426.6556342506562,66.00895405574242,268.1015061458032
160,0.0,0.0,0.0,0.0,0.0,426.6556342506562,66.00895405574242,268.0303968734281
161,0.0,0.0,0.0,0.0,0.0,426.6556342506562,66.00895405574242,267.959287601053
162,0.0,0.0,0.0,0.0,0.0,426.6556342506562,66.00895405574242,267.8881783286779
163,0.0,0.0,0.0,0.0,0.0,426.6556342506562,66.00895405574242,267.8170690563028
164,0.0,0.0,0.0,0.0,0.0,426.6556342506562,66.00895405574242,267.7459597839277
165,0.0,0.0,0.0,0.0,0.0,426.6556342506562,66.00895405574242,267.67485051155256
166,0.0,0.0,0.0,0.0,0.0,426.6556342506562,66.00895405574242,267.60374123917745
167,0.0,0.0,0.0,0.0,0.0,426.6556342506562,66.00895405574242,267.53263196680234
168,0.0,0.0,0.0,0.0,0.0,426.6556342506562,66.00895405574242,267.46152269442723
169,0.0,0.0,0.0,0.0,0.0,426.6556342506562,66.00895405574242,267.3904134220521
170,0.0,0.0,0.0,0.0,0.0,426.6556342506562,66.00895405574242,267.319304149677
171,0.0,0.0,0.0,0.0,0.0,426.6556342506562,66.00895405574242,267.24819487730196
172,0.0,0.0,0.0,0.0,0.0,426.6556342506562,66.00895405574242,267.1770856049268
173,0.0,0.0,0.0,0.0,0.0,426.6556342506562,66.00895405574242,267.1059763325517
174,0.0,0.0,0.0,0.0,0.0,426.6556342506562,66.00895405574242,267.0348670601766
175,0.0,0.0,0.0,0.0,0.0,426.6556342506562,66.00895405574242,266.96375778780146
176,0.0,0.0,0.0,0.0,0.0,426.6556342506562,66.00895405574242,266.8926485154264
177,0.0,0.0,0.0,0.0,0.0,426.6556342506562,66.00895405574242,266.8215392430513
178,0.0,0.0,0.0,0.0,0.0,426.6556342506562,66.00895405574242,266.7504299706762
179,0.0,0.0,0.0,0.0,0.0,426.6556342506562,66.00895405574242,266.67932069830107
180,0.0,0.0,0.0,0.0,0.0,426.6556342506562,66.00895405574242,266.60821142592596
181,0.0,0.0,0.0,0.0,0.0,426.6556342506562,66.00895405574242,266.53710215355085
182,0.0,0.0,0.0,0.0,0.0,426.6556342506562,66.00895405574242,266.46599288117574
183,0.0,0.0,0.0,0.0,0.0,426.6556342506562,66.00895405574242,266.3948836088006
184,0.0,0.0,0.0,0.0,0.0,426.6556342506562,66.00895405574242,266.3237743364255
185,0.0,0.0,0.0,0.0,0.0,426.6556342506562,66.00895405574242,266.2526650640504
186,0.0,0.0,0.0,0.0,0.0,426.6556342506562,66.00895405574242,266.1815557916753
187,0.0,0.0,0.0,0.0,0.0,426.6556342506562,66.00895405574242,266.1104465193002
188,0.0,0.0,0.0,0.0,0.0,426.6556342506562,66.00895405574242,266.0393372469251
189,0.0,0.0,0.0,0.0,0.0,426.6556342506562,66.00895405574242,265.96822797454996
190,0.0,0.0,0.0,0.0,0.0,426.6556342506562,66.00895405574242,265.89711870217485
191,0.0,0.0,0.0,0.0,0.0,426.6556342506562,66.00895405574242,265.82600942979974
192,0.0,0.0,0.0,0.0,0.0,426.6556342506562,66.00895405574242,265.75490015742463
193,0.0,0.0,0.0,0.0,0.0,426.6556342506562,66.00895405574242,265.6837908850495
194,0.0,0.0,0.0,0.0,0.0,426.6556342506562,66.00895405574242,265.6126816126744
195,0.0,0.0,0.0,0.0,0.0,426.6556342506562,66.00895405574242,265.5415723402993
196,0.0,0.0,0.0,0.0,0.0,426.6556342506562,66.00895405574242,265.4704630679242
197,0.0,0.0,0.0,0.0,0.0,426.6556342506562,66.00895405574242,265.3993537955491
198,0.0,0.0,0.0,0.0,0.0,426.6556342506562,66.00895405574242,265.32824452317396
199,0.0,0.0,0.0,0.0,0.0,426.6556342506562,66.00895405574242,265.25713525079885
200,0.0,0.0,0.0,0.0,0.0,426.6556342506562,66.00895405574242,265.18602597842374
201,0.0,0.0,0.0,0.0,0.0,426.6556342506562,66.00895405574242,265.11491670604863
202,0.0,0.0,0.0,0.0,0.0,426.6556342506562,66.00895405574242,265.0438074336735
203,0.0,0.0,0.0,0.0,0.0,426.6556342506562,66.00895405574242,264.9726981612984
204,0.0,0.0,0.0,0.0,0.0,426.6556342506562,66.00895405574242,264.9015888889233
205,0.0,0.0,0.0,0.0,0.0,426.6556342506562,66.00895405574242,264.8304796165482
206,0.0,0.0,0.0,0.0,0.0,426.6556342506562,66.00895405574242,264.7593703441731
207,0.0,0.0,0.0,0.0,0.0,426.6556342506562,66.00895405574242,264.68826107179797
208,0.0,0.0,0.0,0.0,0.0,426.6556342506562,66.00895405574242,264.6171517994229
209,0.0,0.0,0.0,0.0,0.0,426.6556342506562,66.00895405574242,264.54604252704775
210,0.0,0.0,0.0,0.0,0.0,426.6556342506562,66.00895405574242,264.47493325467264
211,0.0,0.0,0.0,0.0,0.0,426.6556342506562,66.00895405574242,264.4038239822975
212,0.0,0.0,0.0,0.0,0.0,426.6556342506562,66.00895405574242,264.3327147099224
213,0.0,0.0,0.0,0.0,0.0,426.6556342506562,66.00895405574242,264.26160543754736
214,0.0,0.0,0.0,0.0,0.0,427.6733337366524,65.53028832712418,264.18455184779924
215,0.0,0.0,0.0,0.0,0.0,427.6733337366524,65.53028832712418,264.11327295884314
216,0.0,0.0,0.0,0.0,0.0,427.6733337366524,65.53028832712418,264.04199406988704
217,0.0,0.0,0.0,0.0,0.0,427.6733337366524,65.53028832712418,263.97071518093094
218,0.0,0.0,0.0,0.0,0.0,427.6733337366524,65.53028832712418,263.8994362919748
219,0.0,0.0,0.0,0.0,0.0,427.6733337366524,65.53028832712418,263.8281574030187
220,0.0,0.0,0.0,0.0,0.0,427.6733337366524,65.53028832712418,263.7568785140626
221,0.0,0.0,0.0,0.0,0.0,427.6733337366524,65.53028832712418,263.6855996251065
222,0.0,0.0,0.0,0.0,0.0,427.6733337366524,65.53028832712418,263.6143207361504
223,0.0,0.0,0.0,0.0,0.0,427.6733337366524,65.53028832712418,263.5430418471943
224,0.0,0.0,0.0,0.0,0.0,427.6733337366524,65.53028832712418,263.4717629582381
225,0.0,0.0,0.0,0.0,0.0,427.6733337366524,65.53028832712418,263.400484069282
226,0.0,0.0,0.0,0.0,0.0,427.6733337366524,65.53028832712418,263.3292051803259
227,0.0,0.0,0.0,0.0,0.0,427.6733337366524,65.53028832712418,263.2579262913698
228,0.0,0.0,0.0,0.0,0.0,427.6733337366524,65.53028832712418,263.1866474024137
229,0.0,0.0,0.0,0.0,0.0,427.6733337366524,65.53028832712418,263.1153685134576
230,0.0,0.0,0.0,0.0,0.0,427.6733337366524,65.53028832712418,263.04408962450145
231,0.0,0.0,0.0,0.0,0.0,427.6733337366524,65.53028832712418,262.97281073554535
232,0.0,0.0,0.0,0.0,0.0,427.6733337366524,65.53028832712418,262.90153184658925
233,0.0,0.0,0.0,0.0,0.0,427.6733337366524,65.53028832712418,262.83025295763315
234,0.0,0.0,0.0,0.0,0.0,427.6733337366524,65.53028832712418,262.75897406867705
235,0.0,0.0,0.0,0.0,0.0,427.6733337366524,65.53028832712418,262.68769517972095
236,0.0,0.0,0.0,0.0,0.0,427.6733337366524,65.53028832712418,262.61641629076485
237,0.0,0.0,0.0,0.0,0.0,427.6733337366524,65.53028832712418,262.54513740180874
238,0.0,0.0,0.0,0.0,0.0,427.6733337366524,65.53028832712418,262.47385851285264
239,0.0,0.0,0.0,0.0,0.0,427.6733337366524,65.53028832712418,262.4025796238965
240,0.0,0.0,0.0,0.0,0.0,427.6733337366524,65.53028832712418,262.3313007349404
241,0.0,0.0,0.0,0.0,0.0,427.6733337366524,65.53028832712418,262.2600218459843
242,0.0,0.0,0.0,0.0,0.0,427.6733337366524,65.53028832712418,262.1887429570282
243,0.0,0.0,0.0,0.0,0.0,427.6733337366524,65.53028832712418,262.1174640680721
244,0.0,0.0,0.0,0.0,0.0,427.6733337366524,65.53028832712418,262.046185179116
245,0.0,0.0,0.0,0.0,0.0,427.6733337366524,65.53028832712418,261.9749062901598
246,0.0,0.0,0.0,0.0,0.0,427.6733337366524,65.53028832712418,261.9036274012037
247,0.0,0.0,0.0,0.0,0.0,427.6733337366524,65.53028832712418,261.8323485122476
248,0.0,0.0,0.0,0.0,0.0,427.6733337366524,65.53028832712418,261.7610696232915
249,0.0,0.0,0.0,0.0,0.0,427.6733337366524,65.53028832712418,261.6897907343354
250,0.0,0.0,0.0,0.0,0.0,427.6733337366524,65.53028832712418,261.6185118453793
251,0.0,0.0,0.0,0.0,0.0,427.6733337366524,65.53028832712418,261.5472329564232
252,0.0,0.0,0.0,0.0,0.0,427.6733337366524,65.53028832712418,261.4759540674671
253,0.0,0.0,0.0,0.0,0.0,427.6733337366524,65.53028832712418,261.404675178511
254,0.0,0.0,0.0,0.0,0.0,427.6733337366524,65.53028832712418,261.33339628955486
255,0.0,0.0,0.0,0.0,0.0,427.6733337366524,65.53028832712418,261.26211740059875
256,0.0,0.0,0.0,0.0,0.0,427.6733337366524,65.53028832712418,261.19083851164265
257,0.0,0.0,0.0,0.0,0.0,427.6733337366524,65.53028832712418,261.11955962268655
258,0.0,0.0,0.0,0.0,0.0,427.6733337366524,65.53028832712418,261.04828073373045
259,0.0,0.0,0.0,0.0,0.0,427.6733337366524,65.53028832712418,260.97700184477435
260,0.0,0.0,0.0,0.0,0.0,427.6733337366524,65.53028832712418,260.9057229558182
261,0.0,0.0,0.0,0.0,0.0,427.6733337366524,65.53028832712418,260.8344440668621
262,0.0,0.0,0.0,0.0,0.0,427.6733337366524,65.53028832712418,260.763165177906
263,0.0,0.0,0.0,0.0,0.0,427.6733337366524,65.53028832712418,260.6918862889499
264,0.0,0.0,0.0,0.0,0.0,427.6733337366524,65.53028832712418,260.6206073999938
265,0.0,0.0,0.0,0.0,0.0,427.6733337366524,65.53028832712418,260.5493285110377
266,0.0,0.0,0.0,0.0,0.0,427.6733337366524,65.53028832712418,260.4780496220816
267,0.0,0.0,0.0,0.0,0.0,427.6733337366524,65.53028832712418,260.4067707331255
268,0.0,0.0,0.0,0.0,0.0,427.6733337366524,65.53028832712418,260.3354918441694
269,0.0,0.0,0.0,0.0,0.0,427.6733337366524,65.53028832712418,260.2642129552132
270,0.0,0.0,0.0,0.0,0.0,427.6733337366524,65.53028832712418,260.1929340662571
271,0.0,0.0,0.0,0.0,0.0,427.6733337366524,65.53028832712418,260.121655177301
272,0.0,0.0,0.0,0.0,0.0,427.6733337366524,65.53028832712418,260.0503762883449
273,0.0,0.0,0.0,0.0,0.0,427.6733337366524,65.53028832712418,259.9790973993888
274,0.0,0.0,0.0,0.0,0.0,427.6733337366524,65.53028832712418,259.9078185104327
275,0.0,0.0,0.0,0.0,0.0,427.6733337366524,65.53028832712418,259.83653962147656
276,0.0,0.0,0.0,0.0,0.0,427.6733337366524,65.53028832712418,259.76526073252046
277,0.0,0.0,0.0,0.0,0.0,427.6733337366524,65.53028832712418,259.69398184356436
278,0.0,0.0,0.0,0.0,0.0,427.6733337366524,65.53028832712418,259.62270295460826
279,0.0,0.0,0.0,0.0,0.0,427.6733337366524,65.53028832712418,259.55142406565216
280,0.0,0.0,0.0,0.0,0.0,427.6733337366524,65.53028832712418,259.48014517669606
281,0.0,0.0,0.0,0.0,0.0,427.6733337366524,65.53028832712418,259.40886628773995
282,0.0,0.0,0.0,0.0,0.0,427.6733337366524,65.53028832712418,259.33758739878385
283,0.0,0.0,0.0,0.0,0.0,427.6733337366524,65.53028832712418,259.26630850982775
284,0.0,0.0,0.0,0.0,0.0,427.6733337366524,65.53028832712418,259.1950296208716
285,0.0,0.0,0.0,0.0,0.0,427.6733337366524,65.53028832712418,259.1237507319155
286,0.0,0.0,0.0,0.0,0.0,427.6733337366524,65.53028832712418,259.0524718429594
287,0.0,0.0,0.0,0.0,0.0,427.6733337366524,65.53028832712418,258.9811929540033
288,0.0,0.0,0.0,0.0,0.0,427.6733337366524,65.53028832712418,258.9099140650472
289,0.0,0.0,0.0,0.0,0.0,427.6733337366524,65.53028832712418,258.8386351760911
290,0.0,0.0,0.0,0.0,0.0,427.6733337366524,65.53028832712418,258.76735628713493
291,0.0,0.0,0.0,0.0,0.0,427.6733337366524,65.53028832712418,258.69607739817883
292,0.0,0.0,0.0,0.0,0.0,427.6733337366524,65.53028832712418,258.6247985092227
293,0.0,0.0,0.0,0.0,0.0,427.6733337366524,65.53028832712418,258.5535196202666
294,0.0,0.0,0.0,0.0,0.0,427.6733337366524,65.53028832712418,258.4822407313105
295,0.0,0.0,0.0,0.0,0.0,427.6733337366524,65.53028832712418,258.4109618423544
296,0.0,0.0,0.0,0.0,0.0,427.6733337366524,65.53028832712418,258.3396829533983
297,0.0,0.0,0.0,0.0,0.0,427.6733337366524,65.53028832712418,258.2684040644422
298,0.0,0.0,0.0,0.0,0.0,427.6733337366524,65.53028832712418,258.1971251754861
299,0.0,0.0,0.0,0.0,0.0,427.6733337366524,65.53028832712418,258.12584628653
300,0.0,0.0,0.0,0.0,0.0,427.6733337366524,65.53028832712418,258.05456739757386
301,573.818687903222,8791.166180840375,0.0,0.0,78.0,419.3642351563705,81.30685098464534,40835.00562554861
302,573.818687903222,8791.166180840375,0.0,0.0,78.0,419.3642351563705,81.30685098464534,40834.93573150942
303,628.7104698633028,7600.0408492924125,0.0,0.0,69.0,441.64690082206715,69.57567575892116,36096.92088465096
304,628.7104698633028,7600.0408492924125,0.0,0.0,69.0,441.64690082206715,69.57567575892116,36096.84727683415
305,628.7104698633028,7600.0408492924125,0.0,0.0,69.0,441.64690082206715,69.57567575892116,36096.77366901735
306,624.5176496102094,7315.345152203176,0.0,0.0,68.0,442.3440495404098,73.08591378504873,35411.63491785034
307,624.5176496102094,7315.345152203176,0.0,0.0,68.0,442.3440495404098,73.08591378504873,35411.561193842084
308,711.4717925640675,8981.259887055663,0.0,0.0,62.0,526.9591308365658,65.39623580618915,34794.64473864973
309,711.4717925640675,8981.259887055663,0.0,0.0,62.0,526.9591308365658,65.39623580618915,34794.556912127926
310,711.4717925640675,8981.259887055663,0.0,0.0,62.0,526.9591308365658,65.39623580618915,34794.46908560612
311,658.4585388671196,7606.931593065664,0.0,0.0,64.0,488.8722916411404,70.21742525893488,34154.785301277494
312,658.4585388671196,7606.931593065664,0.0,0.0,64.0,488.8722916411404,70.21742525893488,34154.703822562224
313,660.5615351979002,7698.733558612773,0.0,0.0,63.0,490.03011129660877,73.89667006880721,33852.72525374036
314,660.5615351979002,7698.733558612773,0.0,0.0,63.0,490.03011129660877,73.89667006880721,33852.64358205515
315,660.5615351979002,7698.733558612773,0.0,0.0,63.0,490.03011129660877,73.89667006880721,33852.561910369936
316,660.5615351979002,7698.733558612773,0.0,0.0,63.0,490.03011129660877,73.89667006880721,33852.480238684715
317,660.5615351979002,7698.733558612773,0.0,0.0,63.0,490.03011129660877,73.89667006880721,33852.3985669995
318,660.5615351979002,7698.733558612773,0.0,0.0,63.0,490.03011129660877,73.89667006880721,33852.31689531428
319,660.5615351979002,7698.733558612773,0.0,0.0,63.0,490.03011129660877,73.89667006880721,33852.23522362907
320,660.5615351979002,7698.733558612773,0.0,0.0,63.0,490.03011129660877,73.89667006880721,33852.153551943855
321,660.5615351979002,7698.733558612773,0.0,0.0,63.0,490.03011129660877,73.89667006880721,33852.071880258634
322,660.5615351979002,7698.733558612773,0.0,0.0,63.0,490.03011129660877,73.89667006880721,33851.99020857342
323,673.3648938907562,7280.111706488834,0.0,1.0,62.0,474.27153677854676,81.39550539018595,33686.73712295293
324,673.3648938907562,7280.111706488834,0.0,1.0,62.0,474.27153677854676,81.39550539018595,33687.14962401669
325,673.3648938907562,7280.111706488834,0.0,1.0,62.0,474.27153677854676,81.39550539018595,33687.56250250102
326,673.3648938907562,7280.111706488834,0.0,1.0,62.0,474.27153677854676,81.39550539018595,33687.975758695706
327,673.3648938907562,7280.111706488834,0.0,1.0,62.0,474.27153677854676,81.39550539018595,33688.389392890764
328,673.3648938907562,7280.111706488834,0.0,1.0,62.0,474.27153677854676,81.39550539018595,33688.80340537643
329,735.40148140433,9198.737778297718,0.0,0.0,58.0,539.2917332670671,68.90647383231669,33443.21031874929
330,735.40148140433,9198.737778297718,0.0,0.0,58.0,539.2917332670671,68.90647383231669,33443.120436793746
331,696.2904692161288,8189.076101347221,0.0,0.0,59.0,499.2977389628736,72.83258162966239,32780.38664603149
332,695.2742302452226,7944.690534617837,0.0,0.0,58.0,500.5709352717036,72.80468693402099,32135.440089503776
333,695.2742302452226,7944.690534617837,0.0,0.0,58.0,500.5709352717036,72.80468693402099,32135.356661014564
334,695.2742302452226,7944.690534617837,0.0,0.0,58.0,500.5709352717036,72.80468693402099,32135.273232525353
335,695.2742302452226,7944.690534617837,0.0,0.0,58.0,500.5709352717036,72.80468693402099,32135.18980403614
336,695.2742302452226,7944.690534617837,0.0,0.0,58.0,500.5709352717036,72.80468693402099,32135.10637554693
337,695.2742302452226,7944.690534617837,0.0,0.0,58.0,500.5709352717036,72.80468693402099,32135.022947057718
338,695.2742302452226,7944.690534617837,0.0,0.0,58.0,500.5709352717036,72.80468693402099,32134.939518568506
339,695.2742302452226,7944.690534617837,0.0,0.0,58.0,500.5709352717036,72.80468693402099,32134.856090079295
340,695.2742302452226,7944.690534617837,0.0,0.0,58.0,500.5709352717036,72.80468693402099,32134.772661590083
341,695.2742302452226,7944.690534617837,0.0,0.0,58.0,500.5709352717036,72.80468693402099,32134.68923310087
342,664.4761733509728,7033.59665056585,0.0,0.0,59.0,466.60192541369105,84.76755796514773,31589.622801827805
343,664.4761733509728,7033.59665056585,0.0,0.0,59.0,466.60192541369105,84.76755796514773,31589.545034840237
344,664.4761733509728,7033.59665056585,0.0,0.0,59.0,466.60192541369105,84.76755796514773,31589.46726785267
345,664.4761733509728,7033.59665056585,0.0,0.0,59.0,466.60192541369105,84.76755796514773,31589.389500865098
346,664.4761733509728,7033.59665056585,0.0,0.0,59.0,466.60192541369105,84.76755796514773,31589.31173387753
347,664.4761733509728,7033.59665056585,0.0,0.0,59.0,466.60192541369105,84.76755796514773,31589.233966889962
348,664.4761733509728,7033.59665056585,0.0,0.0,59.0,466.60192541369105,84.76755796514773,31589.15619990239
349,664.4761733509728,7033.59665056585,0.0,0.0,59.0,466.60192541369105,84.76755796514773,31589.078432914823
350,664.4761733509728,7033.59665056585,0.0,0.0,59.0,466.60192541369105,84.76755796514773,31589.000665927255
351,664.4761733509728,7033.59665056585,0.0,0.0,59.0,466.60192541369105,84.76755796514773,31588.922898939683
352,664.4761733509728,7033.59665056585,0.0,0.0,59.0,466.60192541369105,84.76755796514773,31588.845131952115
353,664.4761733509728,7033.59665056585,0.0,0.0,59.0,466.60192541369105,84.76755796514773,31588.767364964548
354,664.4761733509728,7033.59665056585,0.0,0.0,59.0,466.60192541369105,84.76755796514773,31588.68959797698
355,664.4761733509728,7033.59665056585,0.0,0.0,59.0,466.60192541369105,84.76755796514773,31588.61183098941
356,664.4761733509728,7033.59665056585,0.0,0.0,59.0,466.60192541369105,84.76755796514773,31588.53406400184
357,664.4761733509728,7033.59665056585,0.0,0.0,59.0,466.60192541369105,84.76755796514773,31588.456297014272
358,664.4761733509728,7033.59665056585,0.0,0.0,59.0,466.60192541369105,84.76755796514773,31588.3785300267
359,664.4761733509728,7033.59665056585,0.0,0.0,59.0,466.60192541369105,84.76755796514773,31588.300763039133
360,664.4761733509728,7033.59665056585,0.0,0.0,59.0,466.60192541369105,84.76755796514773,31588.222996051565
361,664.4761733509728,7033.59665056585,0.0,0.0,59.0,466.60192541369105,84.76755796514773,31588.145229063997
362,664.4761733509728,7033.59665056585,0.0,0.0,59.0,466.60192541369105,84.76755796514773,31588.067462076426
363,664.4761733509728,7033.59665056585,0.0,0.0,59.0,466.60192541369105,84.76755796514773,31587.989695088858
364,664.4761733509728,7033.59665056585,0.0,0.0,59.0,466.60192541369105,84.76755796514773,31587.91192810129
365,664.4761733509728,7033.59665056585,0.0,0.0,59.0,466.60192541369105,84.76755796514773,31587.83416111372
366,664.4761733509728,7033.59665056585,0.0,0.0,59.0,466.60192541369105,84.76755796514773,31587.75639412615
367,664.4761733509728,7033.59665056585,0.0,0.0,59.0,466.60192541369105,84.76755796514773,31587.678627138583
368,664.4761733509728,7033.59665056585,0.0,0.0,59.0,466.60192541369105,84.76755796514773,31587.600860151015
369,664.4761733509728,7033.59665056585,0.0,0.0,59.0,466.60192541369105,84.76755796514773,31587.523093163443
370,664.4761733509728,7033.59665056585,0.0,0.0,59.0,466.60192541369105,84.76755796514773,31587.445326175875
371,664.4761733509728,7033.59665056585,0.0,0.0,59.0,466.60192541369105,84.76755796514773,31587.367559188307
372,664.4761733509728,7033.59665056585,0.0,0.0,59.0,466.60192541369105,84.76755796514773,31587.289792200736
373,664.4761733509728,7033.59665056585,0.0,0.0,59.0,466.60192541369105,84.76755796514773,31587.212025213168
374,664.4761733509728,7033.59665056585,0.0,0.0,59.0,466.60192541369105,84.76755796514773,31587.1342582256
375,664.4761733509728,7033.59665056585,0.0,0.0,59.0,466.60192541369105,84.76755796514773,31587.05649123803
376,664.4761733509728,7033.59665056585,0.0,0.0,59.0,466.60192541369105,84.76755796514773,31586.97872425046
377,664.4761733509728,7033.59665056585,0.0,0.0,59.0,466.60192541369105,84.76755796514773,31586.900957262893
378,664.4761733509728,7033.59665056585,0.0,0.0,59.0,466.60192541369105,84.76755796514773,31586.823190275325
379,664.4761733509728,7033.59665056585,0.0,0.0,59.0,466.60192541369105,84.76755796514773,31586.745423287754
380,664.4761733509728,7033.59665056585,0.0,0.0,59.0,466.60192541369105,84.76755796514773,31586.667656300186
381,664.4761733509728,7033.59665056585,0.0,0.0,59.0,466.60192541369105,84.76755796514773,31586.589889312618
382,664.4761733509728,7033.59665056585,0.0,0.0,59.0,466.60192541369105,84.76755796514773,31586.512122325046
383,664.4761733509728,7033.59665056585,0.0,0.0,59.0,466.60192541369105,84.76755796514773,31586.43435533748
384,664.4761733509728,7033.59665056585,0.0,0.0,59.0,466.60192541369105,84.76755796514773,31586.35658834991
385,664.4761733509728,7033.59665056585,0.0,0.0,59.0,466.60192541369105,84.76755796514773,31586.278821362343
386,664.4761733509728,7033.59665056585,0.0,0.0,59.0,466.60192541369105,84.76755796514773,31586.20105437477
387,664.4761733509728,7033.59665056585,0.0,0.0,59.0,466.60192541369105,84.76755796514773,31586.123287387203
388,664.4761733509728,7033.59665056585,0.0,0.0,59.0,466.60192541369105,84.76755796514773,31586.045520399635
389,664.4761733509728,7033.59665056585,0.0,0.0,59.0,466.60192541369105,84.76755796514773,31585.967753412064
390,664.4761733509728,7033.59665056585,0.0,0.0,59.0,466.60192541369105,84.76755796514773,31585.889986424496
391,664.4761733509728,7033.59665056585,0.0,0.0,59.0,466.60192541369105,84.76755796514773,31585.812219436928
392,664.4761733509728,7033.59665056585,0.0,0.0,59.0,466.60192541369105,84.76755796514773,31585.734452449356
393,664.4761733509728,7033.59665056585,0.0,0.0,59.0,466.60192541369105,84.76755796514773,31585.65668546179
394,664.4761733509728,7033.59665056585,0.0,0.0,59.0,466.60192541369105,84.76755796514773,31585.57891847422
395,664.4761733509728,7033.59665056585,0.0,0.0,59.0,466.60192541369105,84.76755796514773,31585.501151486653
396,664.4761733509728,7033.59665056585,0.0,0.0,59.0,466.60192541369105,84.76755796514773,31585.42338449908
397,664.4761733509728,7033.59665056585,0.0,0.0,59.0,466.60192541369105,84.76755796514773,31585.345617511513
398,664.4761733509728,7033.59665056585,0.0,0.0,59.0,466.60192541369105,84.76755796514773,31585.267850523946
399,664.4761733509728,7033.59665056585,0.0,0.0,59.0,466.60192541369105,84.76755796514773,31585.190083536374
400,664.4761733509728,7033.59665056585,0.0,0.0,59.0,466.60192541369105,84.76755796514773,31585.112316548806
401,664.4761733509728,7033.59665056585,0.0,0.0,59.0,466.60192541369105,84.76755796514773,31585.03454956124
402,664.4761733509728,7033.59665056585,0.0,0.0,59.0,466.60192541369105,84.76755796514773,31584.95678257367
403,664.4761733509728,7033.59665056585,0.0,0.0,59.0,466.60192541369105,84.76755796514773,31584.8790155861
404,664.4761733509728,7033.59665056585,0.0,0.0,59.0,466.60192541369105,84.76755796514773,31584.80124859853
405,664.4761733509728,7033.59665056585,0.0,0.0,59.0,466.60192541369105,84.76755796514773,31584.723481610963
406,664.4761733509728,7033.59665056585,0.0,0.0,59.0,466.60192541369105,84.76755796514773,31584.64571462339
407,664.4761733509728,7033.59665056585,0.0,0.0,59.0,466.60192541369105,84.76755796514773,31584.567947635824
408,664.4761733509728,7033.59665056585,0.0,0.0,59.0,466.60192541369105,84.76755796514773,31584.490180648256
409,664.4761733509728,7033.59665056585,0.0,0.0,59.0,466.60192541369105,84.76755796514773,31584.412413660684
410,664.4761733509728,7033.59665056585,0.0,0.0,59.0,466.60192541369105,84.76755796514773,31584.334646673116
411,664.4761733509728,7033.59665056585,0.0,0.0,59.0,466.60192541369105,84.76755796514773,31584.25687968555
412,664.4761733509728,7033.59665056585,0.0,0.0,59.0,466.60192541369105,84.76755796514773,31584.17911269798
413,664.4761733509728,7033.59665056585,0.0,0.0,59.0,466.60192541369105,84.76755796514773,31584.10134571041
414,664.4761733509728,7033.59665056585,0.0,0.0,59.0,466.60192541369105,84.76755796514773,31584.02357872284
415,664.4761733509728,7033.59665056585,0.0,0.0,59.0,466.60192541369105,84.76755796514773,31583.945811735273
416,664.4761733509728,7033.59665056585,0.0,0.0,59.0,466.60192541369105,84.76755796514773,31583.8680447477
417,664.4761733509728,7033.59665056585,0.0,0.0,59.0,466.60192541369105,84.76755796514773,31583.790277760134
418,664.4761733509728,7033.59665056585,0.0,0.0,59.0,466.60192541369105,84.76755796514773,31583.712510772566
419,664.4761733509728,7033.59665056585,0.0,0.0,59.0,466.60192541369105,84.76755796514773,31583.634743784998
420,664.4761733509728,7033.59665056585,0.0,0.0,59.0,466.60192541369105,84.76755796514773,31583.556976797427
421,664.4761733509728,7033.59665056585,0.0,0.0,59.0,466.60192541369105,84.76755796514773,31583.47920980986
422,664.4761733509728,7033.59665056585,0.0,0.0,59.0,466.60192541369105,84.76755796514773,31583.40144282229
423,664.4761733509728,7033.59665056585,0.0,0.0,59.0,466.60192541369105,84.76755796514773,31583.32367583472
424,664.4761733509728,7033.59665056585,0.0,0.0,59.0,466.60192541369105,84.76755796514773,31583.24590884715
425,664.4761733509728,7033.59665056585,0.0,0.0,59.0,466.60192541369105,84.76755796514773,31583.168141859584
426,664.4761733509728,7033.59665056585,0.0,0.0,59.0,466.60192541369105,84.76755796514773,31583.090374872016
427,664.4761733509728,7033.59665056585,0.0,0.0,59.0,466.60192541369105,84.76755796514773,31583.012607884444
428,664.4761733509728,7033.59665056585,0.0,0.0,59.0,466.60192541369105,84.76755796514773,31582.934840896876
429,664.4761733509728,7033.59665056585,0.0,0.0,59.0,466.60192541369105,84.76755796514773,31582.85707390931
430,664.4761733509728,7033.59665056585,0.0,0.0,59.0,466.60192541369105,84.76755796514773,31582.779306921737
431,664.4761733509728,7033.59665056585,0.0,0.0,59.0,466.60192541369105,84.76755796514773,31582.70153993417
432,664.4761733509728,7033.59665056585,0.0,0.0,59.0,466.60192541369105,84.76755796514773,31582.6237729466
433,664.4761733509728,7033.59665056585,0.0,0.0,59.0,466.60192541369105,84.76755796514773,31582.54600595903
434,664.4761733509728,7033.59665056585,0.0,0.0,59.0,466.60192541369105,84.76755796514773,31582.46823897146
435,664.4761733509728,7033.59665056585,0.0,0.0,59.0,466.60192541369105,84.76755796514773,31582.390471983894
436,664.4761733509728,7033.59665056585,0.0,0.0,59.0,466.60192541369105,84.76755796514773,31582.312704996326
437,664.4761733509728,7033.59665056585,0.0,0.0,59.0,466.60192541369105,84.76755796514773,31582.234938008754
438,664.4761733509728,7033.59665056585,0.0,0.0,59.0,466.60192541369105,84.76755796514773,31582.157171021187
439,664.4761733509728,7033.59665056585,0.0,0.0,59.0,466.60192541369105,84.76755796514773,31582.07940403362
440,664.4761733509728,7033.59665056585,0.0,0.0,59.0,466.60192541369105,84.76755796514773,31582.001637046047
441,664.4761733509728,7033.59665056585,0.0,0.0,59.0,466.60192541369105,84.76755796514773,31581.92387005848
442,664.4761733509728,7033.59665056585,0.0,0.0,59.0,466.60192541369105,84.76755796514773,31581.84610307091
443,664.4761733509728,7033.59665056585,0.0,0.0,59.0,466.60192541369105,84.76755796514773,31581.768336083343
444,664.4761733509728,7033.59665056585,0.0,0.0,59.0,466.60192541369105,84.76755796514773,31581.690569095772
445,664.4761733509728,7033.59665056585,0.0,0.0,59.0,466.60192541369105,84.76755796514773,31581.612802108204
446,664.4761733509728,7033.59665056585,0.0,0.0,59.0,466.60192541369105,84.76755796514773,31581.535035120636
447,664.4761733509728,7033.59665056585,0.0,0.0,59.0,466.60192541369105,84.76755796514773,31581.457268133065
448,664.4761733509728,7033.59665056585,0.0,0.0,59.0,466.60192541369105,84.76755796514773,31581.379501145497
449,664.4761733509728,7033.59665056585,0.0,0.0,59.0,466.60192541369105,84.76755796514773,31581.30173415793
450,664.4761733509728,7033.59665056585,0.0,0.0,59.0,466.60192541369105,84.76755796514773,31581.22396717036
451,664.4761733509728,7033.59665056585,0.0,0.0,59.0,466.60192541369105,84.76755796514773,31581.14620018279
452,664.4761733509728,7033.59665056585,0.0,0.0,59.0,466.60192541369105,84.76755796514773,31581.06843319522
453,664.4761733509728,7033.59665056585,0.0,0.0,59.0,466.60192541369105,84.76755796514773,31580.990666207654
454,664.4761733509728,7033.59665056585,0.0,0.0,59.0,466.60192541369105,84.76755796514773,31580.912899220082
455,664.4761733509728,7033.59665056585,0.0,0.0,59.0,466.60192541369105,84.76755796514773,31580.835132232514
456,664.4761733509728,7033.59665056585,0.0,0.0,59.0,466.60192541369105,84.76755796514773,31580.757365244946
457,664.4761733509728,7033.59665056585,0.0,0.0,59.0,466.60192541369105,84.76755796514773,31580.679598257375
458,664.4761733509728,7033.59665056585,0.0,0.0,59.0,466.60192541369105,84.76755796514773,31580.601831269807
459,664.4761733509728,7033.59665056585,0.0,0.0,59.0,466.60192541369105,84.76755796514773,31580.52406428224
460,664.4761733509728,7033.59665056585,0.0,0.0,59.0,466.60192541369105,84.76755796514773,31580.44629729467
461,664.4761733509728,7033.59665056585,0.0,0.0,59.0,466.60192541369105,84.76755796514773,31580.3685303071
462,664.4761733509728,7033.59665056585,0.0,0.0,59.0,466.60192541369105,84.76755796514773,31580.290763319532
463,664.4761733509728,7033.59665056585,0.0,0.0,59.0,466.60192541369105,84.76755796514773,31580.212996331964
464,664.4761733509728,7033.59665056585,0.0,0.0,59.0,466.60192541369105,84.76755796514773,31580.135229344392
465,664.4761733509728,7033.59665056585,0.0,0.0,59.0,466.60192541369105,84.76755796514773,31580.057462356825
466,664.4761733509728,7033.59665056585,0.0,0.0,59.0,466.60192541369105,84.76755796514773,31579.979695369257
467,664.4761733509728,7033.59665056585,0.0,0.0,59.0,466.60192541369105,84.76755796514773,31579.90192838169
468,664.4761733509728,7033.59665056585,0.0,0.0,59.0,466.60192541369105,84.76755796514773,31579.824161394117
469,664.4761733509728,7033.59665056585,0.0,0.0,59.0,466.60192541369105,84.76755796514773,31579.74639440655
470,664.4761733509728,7033.59665056585,0.0,0.0,59.0,466.60192541369105,84.76755796514773,31579.66862741898
471,664.4761733509728,7033.59665056585,0.0,0.0,59.0,466.60192541369105,84.76755796514773,31579.59086043141
472,664.4761733509728,7033.59665056585,0.0,0.0,59.0,466.60192541369105,84.76755796514773,31579.513093443842
473,664.4761733509728,7033.59665056585,0.0,0.0,59.0,466.60192541369105,84.76755796514773,31579.435326456274
474,664.4761733509728,7033.59665056585,0.0,0.0,59.0,466.60192541369105,84.76755796514773,31579.357559468703
475,664.4761733509728,7033.59665056585,0.0,0.0,59.0,466.60192541369105,84.76755796514773,31579.279792481135
476,664.4761733509728,7033.59665056585,0.0,0.0,59.0,466.60192541369105,84.76755796514773,31579.202025493567
477,664.4761733509728,7033.59665056585,0.0,0.0,59.0,466.60192541369105,84.76755796514773,31579.124258506
478,664.4761733509728,7033.59665056585,0.0,0.0,59.0,466.60192541369105,84.76755796514773,31579.046491518428
479,664.4761733509728,7033.59665056585,0.0,0.0,59.0,466.60192541369105,84.76755796514773,31578.96872453086
480,664.4761733509728,7033.59665056585,0.0,0.0,59.0,466.60192541369105,84.76755796514773,31578.89095754329
481,664.4761733509728,7033.59665056585,0.0,0.0,59.0,466.60192541369105,84.76755796514773,31578.81319055572
482,664.4761733509728,7033.59665056585,0.0,0.0,59.0,466.60192541369105,84.76755796514773,31578.735423568152
483,664.4761733509728,7033.59665056585,0.0,0.0,59.0,466.60192541369105,84.76755796514773,31578.657656580584
484,664.4761733509728,7033.59665056585,0.0,0.0,59.0,466.60192541369105,84.76755796514773,31578.579889593017
485,664.4761733509728,7033.59665056585,0.0,0.0,59.0,466.60192541369105,84.76755796514773,31578.502122605445
486,664.4761733509728,7033.59665056585,0.0,0.0,59.0,466.60192541369105,84.76755796514773,31578.424355617877
487,664.4761733509728,7033.59665056585,0.0,0.0,59.0,466.60192541369105,84.76755796514773,31578.34658863031
488,664.4761733509728,7033.59665056585,0.0,0.0,59.0,466.60192541369105,84.76755796514773,31578.268821642738
489,664.4761733509728,7033.59665056585,0.0,0.0,59.0,466.60192541369105,84.76755796514773,31578.19105465517
490,664.4761733509728,7033.59665056585,0.0,0.0,59.0,466.60192541369105,84.76755796514773,31578.113287667602
491,664.4761733509728,7033.59665056585,0.0,0.0,59.0,466.60192541369105,84.76755796514773,31578.035520680034
492,664.4761733509728,7033.59665056585,0.0,0.0,59.0,466.60192541369105,84.76755796514773,31577.957753692463
493,664.4761733509728,7033.59665056585,0.0,0.0,59.0,466.60192541369105,84.76755796514773,31577.879986704895
494,664.4761733509728,7033.59665056585,0.0,0.0,59.0,466.60192541369105,84.76755796514773,31577.802219717327
495,664.4761733509728,7033.59665056585,0.0,0.0,59.0,466.60192541369105,84.76755796514773,31577.724452729755
496,664.4761733509728,7033.59665056585,0.0,0.0,59.0,466.60192541369105,84.76755796514773,31577.646685742187
497,664.4761733509728,7033.59665056585,0.0,0.0,59.0,466.60192541369105,84.76755796514773,31577.56891875462
498,664.4761733509728,7033.59665056585,0.0,0.0,59.0,466.60192541369105,84.76755796514773,31577.491151767048
499,664.4761733509728,7033.59665056585,0.0,0.0,59.0,466.60192541369105,84.76755796514773,31577.41338477948
500,664.4761733509728,7033.59665056585,0.0,0.0,59.0,466.60192541369105,84.76755796514773,31577.335617791912
501,664.4761733509728,7033.59665056585,0.0,0.0,59.0,466.60192541369105,84.76755796514773,31577.257850804344
502,664.4761733509728,7033.59665056585,0.0,0.0,59.0,466.60192541369105,84.76755796514773,31577.180083816773
503,664.4761733509728,7033.59665056585,0.0,0.0,59.0,466.60192541369105,84.76755796514773,31577.102316829205
504,664.4761733509728,7033.59665056585,0.0,0.0,59.0,466.60192541369105,84.76755796514773,31577.024549841637
505,664.4761733509728,7033.59665056585,0.0,0.0,59.0,466.60192541369105,84.76755796514773,31576.946782854066
506,664.4761733509728,7033.59665056585,0.0,0.0,59.0,466.60192541369105,84.76755796514773,31576.869015866498
507,664.4761733509728,7033.59665056585,0.0,0.0,59.0,466.60192541369105,84.76755796514773,31576.79124887893
508,664.4761733509728,7033.59665056585,0.0,0.0,59.0,466.60192541369105,84.76755796514773,31576.713481891362
509,664.4761733509728,7033.59665056585,0.0,0.0,59.0,466.60192541369105,84.76755796514773,31576.63571490379
510,664.4761733509728,7033.59665056585,0.0,0.0,59.0,466.60192541369105,84.76755796514773,31576.557947916222
511,664.4761733509728,7033.59665056585,0.0,0.0,59.0,466.60192541369105,84.76755796514773,31576.480180928655
512,664.4761733509728,7033.59665056585,0.0,0.0,59.0,466.60192541369105,84.76755796514773,31576.402413941083
513,664.4761733509728,7033.59665056585,0.0,0.0,59.0,466.60192541369105,84.76755796514773,31576.324646953515
514,664.4761733509728,7033.59665056585,0.0,0.0,59.0,466.60192541369105,84.76755796514773,31576.246879965947
515,664.4761733509728,7033.59665056585,0.0,0.0,59.0,466.60192541369105,84.76755796514773,31576.169112978376
516,688.9324388428099,7400.70497438329,0.0,0.0,58.0,494.39908421039763,75.15664991296207,31569.557683849536
517,688.9324388428099,7400.70497438329,0.0,0.0,58.0,494.39908421039763,75.15664991296207,31569.47528400217
518,688.9324388428099,7400.70497438329,0.0,0.0,58.0,494.39908421039763,75.15664991296207,31569.3928841548
519,688.9324388428099,7400.70497438329,0.0,0.0,58.0,494.39908421039763,75.15664991296207,31569.310484307432
520,688.9324388428099,7400.70497438329,0.0,0.0,58.0,494.39908421039763,75.15664991296207,31569.22808446006
521,688.9324388428099,7400.70497438329,0.0,0.0,58.0,494.39908421039763,75.15664991296207,31569.145684612693
522,688.9324388428099,7400.70497438329,0.0,0.0,58.0,494.39908421039763,75.15664991296207,31569.063284765325
523,688.9324388428099,7400.70497438329,0.0,0.0,58.0,494.39908421039763,75.15664991296207,31568.980884917957
524,688.9324388428099,7400.70497438329,0.0,0.0,58.0,494.39908421039763,75.15664991296207,31568.89848507059
525,688.9324388428099,7400.70497438329,0.0,0.0,58.0,494.39908421039763,75.15664991296207,31568.81608522322
526,688.9324388428099,7400.70497438329,0.0,0.0,58.0,494.39908421039763,75.15664991296207,31568.733685375853
527,688.9324388428099,7400.70497438329,0.0,0.0,58.0,494.39908421039763,75.15664991296207,31568.651285528482
528,688.9324388428099,7400.70497438329,0.0,0.0,58.0,494.39908421039763,75.15664991296207,31568.568885681114
529,688.9324388428099,7400.70497438329,0.0,0.0,58.0,494.39908421039763,75.15664991296207,31568.486485833746
530,688.9324388428099,7400.70497438329,0.0,0.0,58.0,494.39908421039763,75.15664991296207,31568.404085986378
531,688.9324388428099,7400.70497438329,0.0,0.0,58.0,494.39908421039763,75.15664991296207,31568.32168613901
532,688.9324388428099,7400.70497438329,0.0,0.0,58.0,494.39908421039763,75.15664991296207,31568.239286291642
533,688.9324388428099,7400.70497438329,0.0,0.0,58.0,494.39908421039763,75.15664991296207,31568.156886444274
534,688.9324388428099,7400.70497438329,0.0,0.0,58.0,494.39908421039763,75.15664991296207,31568.074486596906
535,688.9324388428099,7400.70497438329,0.0,0.0,58.0,494.39908421039763,75.15664991296207,31567.992086749535
536,688.9324388428099,7400.70497438329,0.0,0.0,58.0,494.39908421039763,75.15664991296207,31567.909686902167
537,688.9324388428099,7400.70497438329,0.0,0.0,58.0,494.39908421039763,75.15664991296207,31567.8272870548
538,688.9324388428099,7400.70497438329,0.0,0.0,58.0,494.39908421039763,75.15664991296207,31567.74488720743
539,688.9324388428099,7400.70497438329,0.0,0.0,58.0,494.39908421039763,75.15664991296207,31567.662487360063
540,688.9324388428099,7400.70497438329,0.0,0.0,58.0,494.39908421039763,75.15664991296207,31567.580087512695
541,688.9324388428099,7400.70497438329,0.0,0.0,58.0,494.39908421039763,75.15664991296207,31567.497687665327
542,688.9324388428099,7400.70497438329,0.0,0.0,58.0,494.39908421039763,75.15664991296207,31567.41528781796
543,688.9324388428099,7400.70497438329,0.0,0.0,58.0,494.39908421039763,75.15664991296207,31567.332887970588
544,688.9324388428099,7400.70497438329,0.0,0.0,58.0,494.39908421039763,75.15664991296207,31567.25048812322
545,688.9324388428099,7400.70497438329,0.0,0.0,58.0,494.39908421039763,75.15664991296207,31567.168088275852
546,688.9324388428099,7400.70497438329,0.0,0.0,58.0,494.39908421039763,75.15664991296207,31567.085688428484
547,688.9324388428099,7400.70497438329,0.0,0.0,58.0,494.39908421039763,75.15664991296207,31567.003288581116
548,688.9324388428099,7400.70497438329,0.0,0.0,58.0,494.39908421039763,75.15664991296207,31566.920888733748
549,688.9324388428099,7400.70497438329,0.0,0.0,58.0,494.39908421039763,75.15664991296207,31566.83848888638
550,688.9324388428099,7400.70497438329,0.0,0.0,58.0,494.39908421039763,75.15664991296207,31566.75608903901
551,688.9324388428099,7400.70497438329,0.0,0.0,58.0,494.39908421039763,75.15664991296207,31566.67368919164
552,688.9324388428099,7400.70497438329,0.0,0.0,58.0,494.39908421039763,75.15664991296207,31566.591289344273
553,688.9324388428099,7400.70497438329,0.0,0.0,58.0,494.39908421039763,75.15664991296207,31566.508889496905
554,688.9324388428099,7400.70497438329,0.0,0.0,58.0,494.39908421039763,75.15664991296207,31566.426489649537
555,688.9324388428099,7400.70497438329,0.0,0.0,58.0,494.39908421039763,75.15664991296207,31566.34408980217
556,688.9324388428099,7400.70497438329,0.0,0.0,58.0,494.39908421039763,75.15664991296207,31566.2616899548
557,688.9324388428099,7400.70497438329,0.0,0.0,58.0,494.39908421039763,75.15664991296207,31566.179290107433
558,688.9324388428099,7400.70497438329,0.0,0.0,58.0,494.39908421039763,75.15664991296207,31566.09689026006
559,688.9324388428099,7400.70497438329,0.0,0.0,58.0,494.39908421039763,75.15664991296207,31566.014490412694
560,688.9324388428099,7400.70497438329,0.0,0.0,58.0,494.39908421039763,75.15664991296207,31565.932090565326
561,688.9324388428099,7400.70497438329,0.0,0.0,58.0,494.39908421039763,75.15664991296207,31565.849690717958
562,688.9324388428099,7400.70497438329,0.0,0.0,58.0,494.39908421039763,75.15664991296207,31565.76729087059
563,688.9324388428099,7400.70497438329,0.0,0.0,58.0,494.39908421039763,75.15664991296207,31565.684891023222
564,688.9324388428099,7400.70497438329,0.0,0.0,58.0,494.39908421039763,75.15664991296207,31565.602491175854
565,688.9324388428099,7400.70497438329,0.0,0.0,58.0,494.39908421039763,75.15664991296207,31565.520091328486
566,688.9324388428099,7400.70497438329,0.0,0.0,58.0,494.39908421039763,75.15664991296207,31565.437691481115
567,688.9324388428099,7400.70497438329,0.0,0.0,58.0,494.39908421039763,75.15664991296207,31565.355291633747
568,688.9324388428099,7400.70497438329,0.0,0.0,58.0,494.39908421039763,75.15664991296207,31565.27289178638
569,688.9324388428099,7400.70497438329,0.0,0.0,58.0,494.39908421039763,75.15664991296207,31565.19049193901
570,688.9324388428099,7400.70497438329,0.0,0.0,58.0,494.39908421039763,75.15664991296207,31565.108092091643
571,688.9324388428099,7400.70497438329,0.0,0.0,58.0,494.39908421039763,75.15664991296207,31565.025692244275
572,688.9324388428099,7400.70497438329,0.0,0.0,58.0,494.39908421039763,75.15664991296207,31564.943292396907
573,688.9324388428099,7400.70497438329,0.0,0.0,58.0,494.39908421039763,75.15664991296207,31564.860892549535
574,688.9324388428099,7400.70497438329,0.0,0.0,58.0,494.39908421039763,75.15664991296207,31564.778492702168
575,688.9324388428099,7400.70497438329,0.0,0.0,58.0,494.39908421039763,75.15664991296207,31564.6960928548
576,688.9324388428099,7400.70497438329,0.0,0.0,58.0,494.39908421039763,75.15664991296207,31564.61369300743
577,688.9324388428099,7400.70497438329,0.0,0.0,58.0,494.39908421039763,75.15664991296207,31564.531293160064
578,688.9324388428099,7400.70497438329,0.0,0.0,58.0,494.39908421039763,75.15664991296207,31564.448893312696
579,688.9324388428099,7400.70497438329,0.0,0.0,58.0,494.39908421039763,75.15664991296207,31564.366493465328
580,688.9324388428099,7400.70497438329,0.0,0.0,58.0,494.39908421039763,75.15664991296207,31564.28409361796
581,688.9324388428099,7400.70497438329,0.0,0.0,58.0,494.39908421039763,75.15664991296207,31564.20169377059
582,688.9324388428099,7400.70497438329,0.0,0.0,58.0,494.39908421039763,75.15664991296207,31564.11929392322
583,688.9324388428099,7400.70497438329,0.0,0.0,58.0,494.39908421039763,75.15664991296207,31564.036894075853
584,688.9324388428099,7400.70497438329,0.0,0.0,58.0,494.39908421039763,75.15664991296207,31563.954494228485
585,688.9324388428099,7400.70497438329,0.0,0.0,58.0,494.39908421039763,75.15664991296207,31563.872094381117
586,688.9324388428099,7400.70497438329,0.0,0.0,58.0,494.39908421039763,75.15664991296207,31563.78969453375
587,688.9324388428099,7400.70497438329,0.0,0.0,58.0,494.39908421039763,75.15664991296207,31563.70729468638
588,688.9324388428099,7400.70497438329,0.0,0.0,58.0,494.39908421039763,75.15664991296207,31563.624894839013
589,688.9324388428099,7400.70497438329,0.0,0.0,58.0,494.39908421039763,75.15664991296207,31563.54249499164
590,688.9324388428099,7400.70497438329,0.0,0.0,58.0,494.39908421039763,75.15664991296207,31563.460095144274
591,688.9324388428099,7400.70497438329,0.0,0.0,58.0,494.39908421039763,75.15664991296207,31563.377695296906
592,688.9324388428099,7400.70497438329,0.0,0.0,58.0,494.39908421039763,75.15664991296207,31563.295295449538
593,688.9324388428099,7400.70497438329,0.0,0.0,58.0,494.39908421039763,75.15664991296207,31563.21289560217
594,688.9324388428099,7400.70497438329,0.0,0.0,58.0,494.39908421039763,75.15664991296207,31563.1304957548
595,688.9324388428099,7400.70497438329,0.0,0.0,58.0,494.39908421039763,75.15664991296207,31563.048095907434
596,688.9324388428099,7400.70497438329,0.0,0.0,58.0,494.39908421039763,75.15664991296207,31562.965696060062
597,688.9324388428099,7400.70497438329,0.0,0.0,58.0,494.39908421039763,75.15664991296207,31562.883296212694
598,688.9324388428099,7400.70497438329,0.0,0.0,58.0,494.39908421039763,75.15664991296207,31562.800896365326
599,688.9324388428099,7400.70497438329,0.0,0.0,58.0,494.39908421039763,75.15664991296207,31562.71849651796
600,688.9324388428099,7400.70497438329,0.0,0.0,58.0,494.39908421039763,75.15664991296207,31562.63609667059
601,688.9324388428099,7400.70497438329,0.0,0.0,58.0,494.39908421039763,75.15664991296207,31562.553696823223
602,688.9324388428099,7400.70497438329,0.0,0.0,58.0,494.39908421039763,75.15664991296207,31562.471296975855
603,688.9324388428099,7400.70497438329,0.0,0.0,58.0,494.39908421039763,75.15664991296207,31562.388897128487
604,688.9324388428099,7400.70497438329,0.0,0.0,58.0,494.39908421039763,75.15664991296207,31562.306497281115
605,688.9324388428099,7400.70497438329,0.0,0.0,58.0,494.39908421039763,75.15664991296207,31562.224097433747
606,688.9324388428099,7400.70497438329,0.0,0.0,58.0,494.39908421039763,75.15664991296207,31562.14169758638
607,688.9324388428099,7400.70497438329,0.0,0.0,58.0,494.39908421039763,75.15664991296207,31562.05929773901
608,688.9324388428099,7400.70497438329,0.0,0.0,58.0,494.39908421039763,75.15664991296207,31561.976897891644
609,688.9324388428099,7400.70497438329,0.0,0.0,58.0,494.39908421039763,75.15664991296207,31561.894498044276
610,688.9324388428099,7400.70497438329,0.0,0.0,58.0,494.39908421039763,75.15664991296207,31561.812098196908
611,688.9324388428099,7400.70497438329,0.0,0.0,58.0,494.39908421039763,75.15664991296207,31561.729698349536
612,688.9324388428099,7400.70497438329,0.0,0.0,58.0,494.39908421039763,75.15664991296207,31561.64729850217
613,688.9324388428099,7400.70497438329,0.0,0.0,58.0,494.39908421039763,75.15664991296207,31561.5648986548
614,688.9324388428099,7400.70497438329,0.0,0.0,58.0,494.39908421039763,75.15664991296207,31561.482498807432
615,688.9324388428099,7400.70497438329,0.0,0.0,58.0,494.39908421039763,75.15664991296207,31561.400098960064
616,688.9324388428099,7400.70497438329,0.0,0.0,58.0,494.39908421039763,75.15664991296207,31561.317699112697
617,688.9324388428099,7400.70497438329,0.0,0.0,58.0,494.39908421039763,75.15664991296207,31561.23529926533
618,688.9324388428099,7400.70497438329,0.0,0.0,58.0,494.39908421039763,75.15664991296207,31561.15289941796
619,688.9324388428099,7400.70497438329,0.0,0.0,58.0,494.39908421039763,75.15664991296207,31561.07049957059
620,688.9324388428099,7400.70497438329,0.0,0.0,58.0,494.39908421039763,75.15664991296207,31560.98809972322
621,688.9324388428099,7400.70497438329,0.0,0.0,58.0,494.39908421039763,75.15664991296207,31560.905699875853
622,688.9324388428099,7400.70497438329,0.0,0.0,58.0,494.39908421039763,75.15664991296207,31560.823300028485
623,688.9324388428099,7400.70497438329,0.0,0.0,58.0,494.39908421039763,75.15664991296207,31560.740900181117
624,688.9324388428099,7400.70497438329,0.0,0.0,58.0,494.39908421039763,75.15664991296207,31560.65850033375
625,688.9324388428099,7400.70497438329,0.0,0.0,58.0,494.39908421039763,75.15664991296207,31560.57610048638
626,688.9324388428099,7400.70497438329,0.0,0.0,58.0,494.39908421039763,75.15664991296207,31560.493700639014
627,688.9324388428099,7400.70497438329,0.0,0.0,58.0,494.39908421039763,75.15664991296207,31560.411300791642
628,688.9324388428099,7400.70497438329,0.0,0.0,58.0,494.39908421039763,75.15664991296207,31560.328900944274
629,688.9324388428099,7400.70497438329,0.0,0.0,58.0,494.39908421039763,75.15664991296207,31560.246501096906
630,688.9324388428099,7400.70497438329,0.0,0.0,58.0,494.39908421039763,75.15664991296207,31560.16410124954
631,688.9324388428099,7400.70497438329,0.0,0.0,58.0,494.39908421039763,75.15664991296207,31560.08170140217
632,688.9324388428099,7400.70497438329,0.0,0.0,58.0,494.39908421039763,75.15664991296207,31559.999301554803
633,688.9324388428099,7400.70497438329,0.0,0.0,58.0,494.39908421039763,75.15664991296207,31559.916901707435
634,688.9324388428099,7400.70497438329,0.0,0.0,58.0,494.39908421039763,75.15664991296207,31559.834501860063
635,688.9324388428099,7400.70497438329,0.0,0.0,58.0,494.39908421039763,75.15664991296207,31559.752102012695
636,688.9324388428099,7400.70497438329,0.0,0.0,58.0,494.39908421039763,75.15664991296207,31559.669702165327
637,688.9324388428099,7400.70497438329,0.0,0.0,58.0,494.39908421039763,75.15664991296207,31559.58730231796
638,688.9324388428099,7400.70497438329,0.0,0.0,58.0,494.39908421039763,75.15664991296207,31559.50490247059
639,688.9324388428099,7400.70497438329,0.0,0.0,58.0,494.39908421039763,75.15664991296207,31559.422502623223
640,688.9324388428099,7400.70497438329,0.0,0.0,58.0,494.39908421039763,75.15664991296207,31559.340102775855
641,688.9324388428099,7400.70497438329,0.0,0.0,58.0,494.39908421039763,75.15664991296207,31559.257702928488
642,688.9324388428099,7400.70497438329,0.0,0.0,58.0,494.39908421039763,75.15664991296207,31559.175303081116
643,688.9324388428099,7400.70497438329,0.0,0.0,58.0,494.39908421039763,75.15664991296207,31559.092903233748
644,688.9324388428099,7400.70497438329,0.0,0.0,58.0,494.39908421039763,75.15664991296207,31559.01050338638
645,688.9324388428099,7400.70497438329,0.0,0.0,58.0,494.39908421039763,75.15664991296207,31558.928103539012
646,688.9324388428099,7400.70497438329,0.0,0.0,58.0,494.39908421039763,75.15664991296207,31558.845703691644
647,688.9324388428099,7400.70497438329,0.0,0.0,58.0,494.39908421039763,75.15664991296207,31558.763303844276
648,688.9324388428099,7400.70497438329,0.0,0.0,58.0,494.39908421039763,75.15664991296207,31558.68090399691
649,688.9324388428099,7400.70497438329,0.0,0.0,58.0,494.39908421039763,75.15664991296207,31558.59850414954
650,688.9324388428099,7400.70497438329,0.0,0.0,58.0,494.39908421039763,75.15664991296207,31558.51610430217
651,688.9324388428099,7400.70497438329,0.0,0.0,58.0,494.39908421039763,75.15664991296207,31558.4337044548
652,688.9324388428099,7400.70497438329,0.0,0.0,58.0,494.39908421039763,75.15664991296207,31558.351304607433
653,688.9324388428099,7400.70497438329,0.0,0.0,58.0,494.39908421039763,75.15664991296207,31558.268904760065
654,688.9324388428099,7400.70497438329,0.0,0.0,58.0,494.39908421039763,75.15664991296207,31558.186504912697
655,688.9324388428099,7400.70497438329,0.0,0.0,58.0,494.39908421039763,75.15664991296207,31558.10410506533
656,688.9324388428099,7400.70497438329,0.0,0.0,58.0,494.39908421039763,75.15664991296207,31558.02170521796
657,688.9324388428099,7400.70497438329,0.0,0.0,58.0,494.39908421039763,75.15664991296207,31557.93930537059
658,688.9324388428099,7400.70497438329,0.0,0.0,58.0,494.39908421039763,75.15664991296207,31557.856905523222
659,688.9324388428099,7400.70497438329,0.0,0.0,58.0,494.39908421039763,75.15664991296207,31557.774505675854
660,688.9324388428099,7400.70497438329,0.0,0.0,58.0,494.39908421039763,75.15664991296207,31557.692105828486
661,688.9324388428099,7400.70497438329,0.0,0.0,58.0,494.39908421039763,75.15664991296207,31557.609705981118
662,688.9324388428099,7400.70497438329,0.0,0.0,58.0,494.39908421039763,75.15664991296207,31557.52730613375
663,688.9324388428099,7400.70497438329,0.0,0.0,58.0,494.39908421039763,75.15664991296207,31557.444906286382
664,688.9324388428099,7400.70497438329,0.0,0.0,58.0,494.39908421039763,75.15664991296207,31557.362506439014
665,688.9324388428099,7400.70497438329,0.0,0.0,58.0,494.39908421039763,75.15664991296207,31557.280106591643
666,688.9324388428099,7400.70497438329,0.0,0.0,58.0,494.39908421039763,75.15664991296207,31557.197706744275
667,688.9324388428099,7400.70497438329,0.0,0.0,58.0,494.39908421039763,75.15664991296207,31557.115306896907
668,688.9324388428099,7400.70497438329,0.0,0.0,58.0,494.39908421039763,75.15664991296207,31557.03290704954
669,688.9324388428099,7400.70497438329,0.0,0.0,58.0,494.39908421039763,75.15664991296207,31556.95050720217
670,688.9324388428099,7400.70497438329,0.0,0.0,58.0,494.39908421039763,75.15664991296207,31556.868107354803
671,688.9324388428099,7400.70497438329,0.0,0.0,58.0,494.39908421039763,75.15664991296207,31556.785707507435
672,688.9324388428099,7400.70497438329,0.0,0.0,58.0,494.39908421039763,75.15664991296207,31556.703307660067
673,688.9324388428099,7400.70497438329,0.0,0.0,58.0,494.39908421039763,75.15664991296207,31556.620907812696
674,688.9324388428099,7400.70497438329,0.0,0.0,58.0,494.39908421039763,75.15664991296207,31556.538507965328
675,688.9324388428099,7400.70497438329,0.0,0.0,58.0,494.39908421039763,75.15664991296207,31556.45610811796
676,688.9324388428099,7400.70497438329,0.0,0.0,58.0,494.39908421039763,75.15664991296207,31556.373708270592
677,688.9324388428099,7400.70497438329,0.0,0.0,58.0,494.39908421039763,75.15664991296207,31556.291308423224
678,688.9324388428099,7400.70497438329,0.0,0.0,58.0,494.39908421039763,75.15664991296207,31556.208908575856
679,688.9324388428099,7400.70497438329,0.0,0.0,58.0,494.39908421039763,75.15664991296207,31556.12650872849
680,688.9324388428099,7400.70497438329,0.0,0.0,58.0,494.39908421039763,75.15664991296207,31556.044108881117
681,688.9324388428099,7400.70497438329,0.0,0.0,58.0,494.39908421039763,75.15664991296207,31555.96170903375
682,688.9324388428099,7400.70497438329,0.0,0.0,58.0,494.39908421039763,75.15664991296207,31555.87930918638
683,688.9324388428099,7400.70497438329,0.0,0.0,58.0,494.39908421039763,75.15664991296207,31555.796909339013
684,688.9324388428099,7400.70497438329,0.0,0.0,58.0,494.39908421039763,75.15664991296207,31555.714509491645
685,688.9324388428099,7400.70497438329,0.0,0.0,58.0,494.39908421039763,75.15664991296207,31555.632109644277
686,688.9324388428099,7400.70497438329,0.0,0.0,58.0,494.39908421039763,75.15664991296207,31555.54970979691
687,688.9324388428099,7400.70497438329,0.0,0.0,58.0,494.39908421039763,75.15664991296207,31555.46730994954
688,688.9324388428099,7400.70497438329,0.0,0.0,58.0,494.39908421039763,75.15664991296207,31555.38491010217
689,688.9324388428099,7400.70497438329,0.0,0.0,58.0,494.39908421039763,75.15664991296207,31555.3025102548
690,688.9324388428099,7400.70497438329,0.0,0.0,58.0,494.39908421039763,75.15664991296207,31555.220110407434
691,688.9324388428099,7400.70497438329,0.0,0.0,58.0,494.39908421039763,75.15664991296207,31555.137710560066
692,688.9324388428099,7400.70497438329,0.0,0.0,58.0,494.39908421039763,75.15664991296207,31555.055310712698
693,688.9324388428099,7400.70497438329,0.0,0.0,58.0,494.39908421039763,75.15664991296207,31554.97291086533
694,688.9324388428099,7400.70497438329,0.0,0.0,58.0,494.39908421039763,75.15664991296207,31554.890511017962
695,688.9324388428099,7400.70497438329,0.0,0.0,58.0,494.39908421039763,75.15664991296207,31554.808111170594
696,688.9324388428099,7400.70497438329,0.0,0.0,58.0,494.39908421039763,75.15664991296207,31554.725711323223
697,688.9324388428099,7400.70497438329,0.0,0.0,58.0,494.39908421039763,75.15664991296207,31554.643311475855
698,688.9324388428099,7400.70497438329,0.0,0.0,58.0,494.39908421039763,75.15664991296207,31554.560911628487
699,688.9324388428099,7400.70497438329,0.0,0.0,58.0,494.39908421039763,75.15664991296207,31554.47851178112
700,688.9324388428099,7400.70497438329,0.0,0.0,58.0,494.39908421039763,75.15664991296207,31554.39611193375
701,688.9324388428099,7400.70497438329,0.0,0.0,58.0,494.39908421039763,75.15664991296207,31554.313712086383
702,688.9324388428099,7400.70497438329,0.0,0.0,58.0,494.39908421039763,75.15664991296207,31554.231312239015
703,688.9324388428099,7400.70497438329,0.0,0.0,58.0,494.39908421039763,75.15664991296207,31554.148912391644
704,688.9324388428099,7400.70497438329,0.0,0.0,58.0,494.39908421039763,75.15664991296207,31554.066512544276
705,688.9324388428099,7400.70497438329,0.0,0.0,58.0,494.39908421039763,75.15664991296207,31553.984112696908
706,688.9324388428099,7400.70497438329,0.0,0.0,58.0,494.39908421039763,75.15664991296207,31553.90171284954
707,688.9324388428099,7400.70497438329,0.0,0.0,58.0,494.39908421039763,75.15664991296207,31553.819313002172
708,688.9324388428099,7400.70497438329,0.0,0.0,58.0,494.39908421039763,75.15664991296207,31553.736913154804
709,688.9324388428099,7400.70497438329,0.0,0.0,58.0,494.39908421039763,75.15664991296207,31553.654513307436
710,688.9324388428099,7400.70497438329,0.0,0.0,58.0,494.39908421039763,75.15664991296207,31553.572113460068
711,688.9324388428099,7400.70497438329,0.0,0.0,58.0,494.39908421039763,75.15664991296207,31553.489713612697
712,688.9324388428099,7400.70497438329,0.0,0.0,58.0,494.39908421039763,75.15664991296207,31553.40731376533
713,688.9324388428099,7400.70497438329,0.0,0.0,58.0,494.39908421039763,75.15664991296207,31553.32491391796
714,688.9324388428099,7400.70497438329,0.0,0.0,58.0,494.39908421039763,75.15664991296207,31553.242514070593
715,688.9324388428099,7400.70497438329,0.0,0.0,58.0,494.39908421039763,75.15664991296207,31553.160114223225
716,688.9324388428099,7400.70497438329,0.0,0.0,58.0,494.39908421039763,75.15664991296207,31553.077714375857
717,688.9324388428099,7400.70497438329,0.0,0.0,58.0,494.39908421039763,75.15664991296207,31552.99531452849
718,688.9324388428099,7400.70497438329,0.0,0.0,58.0,494.39908421039763,75.15664991296207,31552.912914681117
719,688.9324388428099,7400.70497438329,0.0,0.0,58.0,494.39908421039763,75.15664991296207,31552.83051483375
720,688.9324388428099,7400.70497438329,0.0,0.0,58.0,494.39908421039763,75.15664991296207,31552.74811498638
721,688.9324388428099,7400.70497438329,0.0,0.0,58.0,494.39908421039763,75.15664991296207,31552.665715139014
722,688.9324388428099,7400.70497438329,0.0,0.0,58.0,494.39908421039763,75.15664991296207,31552.583315291646
723,688.9324388428099,7400.70497438329,0.0,0.0,58.0,494.39908421039763,75.15664991296207,31552.500915444278
724,688.9324388428099,7400.70497438329,0.0,0.0,58.0,494.39908421039763,75.15664991296207,31552.41851559691
725,688.9324388428099,7400.70497438329,0.0,0.0,58.0,494.39908421039763,75.15664991296207,31552.336115749542
726,688.9324388428099,7400.70497438329,0.0,0.0,58.0,494.39908421039763,75.15664991296207,31552.25371590217
727,688.9324388428099,7400.70497438329,0.0,0.0,58.0,494.39908421039763,75.15664991296207,31552.171316054802
728,688.9324388428099,7400.70497438329,0.0,0.0,58.0,494.39908421039763,75.15664991296207,31552.088916207435
729,688.9324388428099,7400.70497438329,0.0,0.0,58.0,494.39908421039763,75.15664991296207,31552.006516360067
730,688.9324388428099,7400.70497438329,0.0,0.0,58.0,494.39908421039763,75.15664991296207,31551.9241165127
731,688.9324388428099,7400.70497438329,0.0,0.0,58.0,494.39908421039763,75.15664991296207,31551.84171666533
732,688.9324388428099,7400.70497438329,0.0,0.0,58.0,494.39908421039763,75.15664991296207,31551.759316817963
733,688.9324388428099,7400.70497438329,0.0,0.0,58.0,494.39908421039763,75.15664991296207,31551.676916970595
734,688.9324388428099,7400.70497438329,0.0,0.0,58.0,494.39908421039763,75.15664991296207,31551.594517123223
735,688.9324388428099,7400.70497438329,0.0,0.0,58.0,494.39908421039763,75.15664991296207,31551.512117275855
736,688.9324388428099,7400.70497438329,0.0,0.0,58.0,494.39908421039763,75.15664991296207,31551.429717428487
737,688.9324388428099,7400.70497438329,0.0,0.0,58.0,494.39908421039763,75.15664991296207,31551.34731758112
738,688.9324388428099,7400.70497438329,0.0,0.0,58.0,494.39908421039763,75.15664991296207,31551.26491773375
739,688.9324388428099,7400.70497438329,0.0,0.0,58.0,494.39908421039763,75.15664991296207,31551.182517886384
740,688.9324388428099,7400.70497438329,0.0,0.0,58.0,494.39908421039763,75.15664991296207,31551.100118039016
741,688.9324388428099,7400.70497438329,0.0,0.0,58.0,494.39908421039763,75.15664991296207,31551.017718191644
742,688.9324388428099,7400.70497438329,0.0,0.0,58.0,494.39908421039763,75.15664991296207,31550.935318344276
743,688.9324388428099,7400.70497438329,0.0,0.0,58.0,494.39908421039763,75.15664991296207,31550.85291849691
744,688.9324388428099,7400.70497438329,0.0,0.0,58.0,494.39908421039763,75.15664991296207,31550.77051864954
745,688.9324388428099,7400.70497438329,0.0,0.0,58.0,494.39908421039763,75.15664991296207,31550.688118802173
746,688.9324388428099,7400.70497438329,0.0,0.0,58.0,494.39908421039763,75.15664991296207,31550.605718954805
747,688.9324388428099,7400.70497438329,0.0,0.0,58.0,494.39908421039763,75.15664991296207,31550.523319107437
748,688.9324388428099,7400.70497438329,0.0,0.0,58.0,494.39908421039763,75.15664991296207,31550.44091926007
749,688.9324388428099,7400.70497438329,0.0,0.0,58.0,494.39908421039763,75.15664991296207,31550.358519412697
750,688.9324388428099,7400.70497438329,0.0,0.0,58.0,494.39908421039763,75.15664991296207,31550.27611956533
751,688.9324388428099,7400.70497438329,0.0,0.0,58.0,494.39908421039763,75.15664991296207,31550.19371971796
752,688.9324388428099,7400.70497438329,0.0,0.0,58.0,494.39908421039763,75.15664991296207,31550.111319870593
753,688.9324388428099,7400.70497438329,0.0,0.0,58.0,494.39908421039763,75.15664991296207,31550.028920023226
754,688.9324388428099,7400.70497438329,0.0,0.0,58.0,494.39908421039763,75.15664991296207,31549.946520175858
755,688.9324388428099,7400.70497438329,0.0,0.0,58.0,494.39908421039763,75.15664991296207,31549.86412032849
756,688.9324388428099,7400.70497438329,0.0,0.0,58.0,494.39908421039763,75.15664991296207,31549.78172048112
757,688.9324388428099,7400.70497438329,0.0,0.0,58.0,494.39908421039763,75.15664991296207,31549.69932063375
758,688.9324388428099,7400.70497438329,0.0,0.0,58.0,494.39908421039763,75.15664991296207,31549.616920786382
759,688.9324388428099,7400.70497438329,0.0,0.0,58.0,494.39908421039763,75.15664991296207,31549.534520939014
760,688.9324388428099,7400.70497438329,0.0,0.0,58.0,494.39908421039763,75.15664991296207,31549.452121091646
761,688.9324388428099,7400.70497438329,0.0,0.0,58.0,494.39908421039763,75.15664991296207,31549.36972124428
762,688.9324388428099,7400.70497438329,0.0,0.0,58.0,494.39908421039763,75.15664991296207,31549.28732139691
763,688.9324388428099,7400.70497438329,0.0,0.0,58.0,494.39908421039763,75.15664991296207,31549.204921549543
764,688.9324388428099,7400.70497438329,0.0,0.0,58.0,494.39908421039763,75.15664991296207,31549.12252170217
765,688.9324388428099,7400.70497438329,0.0,0.0,58.0,494.39908421039763,75.15664991296207,31549.040121854803
766,688.9324388428099,7400.70497438329,0.0,0.0,58.0,494.39908421039763,75.15664991296207,31548.957722007435
767,688.9324388428099,7400.70497438329,0.0,0.0,58.0,494.39908421039763,75.15664991296207,31548.875322160067
768,688.9324388428099,7400.70497438329,0.0,0.0,58.0,494.39908421039763,75.15664991296207,31548.7929223127
769,688.9324388428099,7400.70497438329,0.0,0.0,58.0,494.39908421039763,75.15664991296207,31548.71052246533
770,688.9324388428099,7400.70497438329,0.0,0.0,58.0,494.39908421039763,75.15664991296207,31548.628122617964
771,688.9324388428099,7400.70497438329,0.0,0.0,58.0,494.39908421039763,75.15664991296207,31548.545722770596
772,688.9324388428099,7400.70497438329,0.0,0.0,58.0,494.39908421039763,75.15664991296207,31548.463322923224
773,688.9324388428099,7400.70497438329,0.0,0.0,58.0,494.39908421039763,75.15664991296207,31548.380923075856
774,688.9324388428099,7400.70497438329,0.0,0.0,58.0,494.39908421039763,75.15664991296207,31548.29852322849
775,688.9324388428099,7400.70497438329,0.0,0.0,58.0,494.39908421039763,75.15664991296207,31548.21612338112
776,688.9324388428099,7400.70497438329,0.0,0.0,58.0,494.39908421039763,75.15664991296207,31548.133723533752
777,688.9324388428099,7400.70497438329,0.0,0.0,58.0,494.39908421039763,75.15664991296207,31548.051323686384
778,688.9324388428099,7400.70497438329,0.0,0.0,58.0,494.39908421039763,75.15664991296207,31547.968923839016
779,688.9324388428099,7400.70497438329,0.0,0.0,58.0,494.39908421039763,75.15664991296207,31547.88652399165
780,688.9324388428099,7400.70497438329,0.0,0.0,58.0,494.39908421039763,75.15664991296207,31547.804124144277
781,688.9324388428099,7400.70497438329,0.0,0.0,58.0,494.39908421039763,75.15664991296207,31547.72172429691
782,688.9324388428099,7400.70497438329,0.0,0.0,58.0,494.39908421039763,75.15664991296207,31547.63932444954
783,688.9324388428099,7400.70497438329,0.0,0.0,58.0,494.39908421039763,75.15664991296207,31547.556924602173
784,688.9324388428099,7400.70497438329,0.0,0.0,58.0,494.39908421039763,75.15664991296207,31547.474524754805
785,688.9324388428099,7400.70497438329,0.0,0.0,58.0,494.39908421039763,75.15664991296207,31547.392124907437
786,688.9324388428099,7400.70497438329,0.0,0.0,58.0,494.39908421039763,75.15664991296207,31547.30972506007
787,688.9324388428099,7400.70497438329,0.0,0.0,58.0,494.39908421039763,75.15664991296207,31547.227325212698
788,688.9324388428099,7400.70497438329,0.0,0.0,58.0,494.39908421039763,75.15664991296207,31547.14492536533
789,688.9324388428099,7400.70497438329,0.0,0.0,58.0,494.39908421039763,75.15664991296207,31547.062525517962
790,688.9324388428099,7400.70497438329,0.0,0.0,58.0,494.39908421039763,75.15664991296207,31546.980125670594
791,688.9324388428099,7400.70497438329,0.0,0.0,58.0,494.39908421039763,75.15664991296207,31546.897725823226
792,688.9324388428099,7400.70497438329,0.0,0.0,58.0,494.39908421039763,75.15664991296207,31546.81532597586
793,688.9324388428099,7400.70497438329,0.0,0.0,58.0,494.39908421039763,75.15664991296207,31546.73292612849
794,688.9324388428099,7400.70497438329,0.0,0.0,58.0,494.39908421039763,75.15664991296207,31546.650526281122
795,688.9324388428099,7400.70497438329,0.0,0.0,58.0,494.39908421039763,75.15664991296207,31546.56812643375
796,688.9324388428099,7400.70497438329,0.0,0.0,58.0,494.39908421039763,75.15664991296207,31546.485726586383
797,688.9324388428099,7400.70497438329,0.0,0.0,58.0,494.39908421039763,75.15664991296207,31546.403326739015
798,688.9324388428099,7400.70497438329,0.0,0.0,58.0,494.39908421039763,75.15664991296207,31546.320926891647
799,656.00547907246,6319.698919247204,0.0,0.0,60.0,463.4235604539066,92.73138411331934,31238.512229119566
800,656.00547907246,6319.698919247204,0.0,0.0,60.0,463.4235604539066,92.73138411331934,31238.43499185949
801,656.00547907246,6319.698919247204,0.0,0.0,60.0,463.4235604539066,92.73138411331934,31238.28051733934
802,656.00547907246,6319.698919247204,0.0,0.0,60.0,463.4235604539066,92.73138411331934,31238.203280079262
803,656.00547907246,6319.698919247204,0.0,0.0,60.0,463.4235604539066,92.73138411331934,31238.12604281919
804,687.5789863189488,7494.759728743753,0.0,0.0,56.0,488.2412374343455,93.19070296740345,30854.225710931078
805,687.5789863189488,7494.759728743753,0.0,0.0,56.0,488.2412374343455,93.19070296740345,30854.144337391503
806,687.5789863189488,7494.759728743753,0.0,0.0,56.0,488.2412374343455,93.19070296740345,30854.06296385193
807,687.5789863189488,7494.759728743753,0.0,0.0,56.0,488.2412374343455,93.19070296740345,30853.98159031236
808,687.2251905646717,7390.057784798004,0.0,0.0,56.0,488.2412374343455,93.19070296740342,30748.844477072762
809,651.2027953954031,5939.735705128619,0.0,0.0,58.0,457.26561032089097,127.4449964649213,30085.361655691122
810,651.2027953954031,5939.735705128619,0.0,0.0,58.0,457.26561032089097,127.4449964649213,30085.285444756068
811,685.6959795150836,6878.6654457475,0.0,0.0,61.0,487.1832805489888,95.33619064334951,32237.438316092892
812,685.602897501514,6954.531275336246,0.0,0.0,60.0,487.445846243077,94.08559106949961,31911.975015837234
813,685.602897501514,6954.531275336246,0.0,0.0,60.0,487.445846243077,94.08559106949961,31911.89377486286
814,685.602897501514,6954.531275336246,0.0,0.0,60.0,487.445846243077,94.08559106949961,31911.812533888486
815,684.1363370614683,6877.078791358597,0.0,0.0,59.0,486.3878893577204,96.23107874544569,31434.572463539946
816,684.1363370614683,6877.078791358597,0.0,0.0,59.0,486.3878893577204,96.23107874544569,31434.49139889172
817,684.1363370614683,6877.078791358597,0.0,0.0,59.0,486.3878893577204,96.23107874544569,31434.410334243494
818,684.1363370614686,6877.0787913585955,0.0,0.0,59.0,486.3878893577204,96.23107874544569,31434.32926959527
819,684.1363370614685,6877.078791358596,0.0,0.0,59.0,486.3878893577204,96.23107874544569,31434.24820494704
820,684.1363370614683,6877.078791358597,0.0,0.0,59.0,486.3878893577204,96.23107874544569,31434.167140298814
821,684.1363370614683,6877.078791358597,0.0,0.0,59.0,486.3878893577204,96.23107874544569,31434.08607565059
822,684.1363370614683,6877.078791358597,0.0,0.0,59.0,486.3878893577204,96.23107874544569,31434.005011002362
823,684.1363370614683,6877.078791358597,0.0,0.0,59.0,486.3878893577204,96.23107874544569,31433.923946354138
824,684.1363370614685,6877.078791358596,0.0,0.0,59.0,486.3878893577204,96.23107874544569,31433.84288170591
825,684.1363370614683,6877.078791358597,0.0,0.0,59.0,486.3878893577204,96.23107874544569,31433.761817057686
826,684.1363370614683,6877.078791358597,0.0,0.0,59.0,486.3878893577204,96.23107874544569,31433.68075240946
827,684.1363370614683,6877.078791358597,0.0,0.0,59.0,486.3878893577204,96.23107874544569,31433.59968776123
828,687.9375097216403,6862.3007653163895,0.0,0.0,59.0,485.6742887470179,93.54592224883838,31419.598289813286
829,691.5472830195974,7171.3265758565085,0.0,0.0,58.0,493.39874253943515,85.10128218345554,31326.503252735078
830,691.5472830195974,7171.3265758565085,0.0,0.0,58.0,493.39874253943515,85.10128218345554,31326.421019611324
831,695.3484556797694,7087.526133481266,0.0,0.0,58.0,492.68514192873266,82.41612568684823,31243.39639365512
832,695.3484556797694,7087.526133481266,0.0,0.0,58.0,492.68514192873266,82.41612568684823,31243.314279464797
833,695.3484556797694,7087.526133481266,0.0,0.0,58.0,492.68514192873266,82.41612568684823,31243.232165274476
834,695.3484556797694,7087.526133481266,0.0,0.0,58.0,492.68514192873266,82.41612568684823,31243.150051084154
835,695.3484556797694,7087.526133481266,0.0,0.0,58.0,492.68514192873266,82.41612568684823,31243.067936893833
836,695.3484556797694,7087.526133481266,0.0,0.0,58.0,492.68514192873266,82.41612568684823,31242.98582270351
837,686.9342421173963,6490.721270998689,0.0,0.0,59.0,485.25410044201686,83.57698409004298,31036.166600415476
838,686.9342421173963,6490.721270998689,0.0,0.0,59.0,485.25410044201686,83.57698409004298,31036.166600415476
839,686.9342421173963,6490.721270998689,0.0,0.0,59.0,485.25410044201686,83.57698409004298,31036.085724732067
840,686.9342421173963,6490.721270998689,0.0,0.0,59.0,485.25410044201686,83.57698409004298,31035.923973365254
841,695.2118284598868,6898.454813965752,0.0,0.0,58.0,492.6851419287327,82.41612568684825,31053.36730501651
842,686.7976148975137,6486.770606199604,0.0,0.0,59.0,485.2541004420169,83.576984090043,31031.674929979472
843,703.4759892547958,7021.2159504824795,0.0,0.0,55.0,490.25587638735993,80.35980944682409,29981.298736745357
844,703.4759892547958,7021.2159504824795,0.0,0.0,55.0,490.25587638735993,80.35980944682409,29981.217027432627
845,703.4759892547958,7021.2159504824795,0.0,0.0,55.0,490.25587638735993,80.35980944682409,29981.135318119894
846,703.4759892547956,7021.215950482479,0.0,0.0,55.0,490.25587638735993,80.35980944682409,29981.05360880716
847,703.4759892547956,7021.215950482479,0.0,0.0,55.0,490.25587638735993,80.35980944682409,29980.97189949443
848,703.4759892547956,7021.215950482479,0.0,0.0,55.0,490.25587638735993,80.35980944682409,29980.890190181697
849,703.4759892547956,7021.215950482479,0.0,0.0,55.0,490.25587638735993,80.35980944682409,29980.808480868967
850,703.4759892547956,7021.215950482479,0.0,0.0,55.0,490.25587638735993,80.35980944682409,29980.726771556234
851,703.8931697882457,7036.350962244475,0.0,0.0,54.0,490.25587638736,80.35980944682409,29596.19725453895
852,703.8931697882457,7036.350962244475,0.0,0.0,54.0,490.25587638736,80.35980944682409,29596.11554522622
853,703.8931697882457,7036.350962244475,0.0,0.0,54.0,490.25587638736,80.35980944682409,29596.033835913488
854,703.8931697882457,7036.350962244475,0.0,0.0,54.0,490.25587638736,80.35980944682409,29595.952126600758
855,703.8931697882457,7036.350962244475,0.0,0.0,54.0,490.25587638736,80.35980944682409,29595.870417288028
856,703.8931697882457,7036.350962244475,0.0,0.0,54.0,490.25587638736,80.35980944682409,29595.788707975295
857,707.2793927083596,7395.961461083647,0.0,0.0,53.0,494.9188593047953,91.23320188191323,29571.242574922282
858,707.2793927083596,7395.961461083647,0.0,0.0,53.0,494.9188593047953,91.23320188191323,29571.160088445733
859,707.2793927083596,7395.961461083647,0.0,0.0,53.0,494.9188593047953,91.23320188191323,29571.07760196918
860,707.2793927083596,7395.961461083647,0.0,0.0,53.0,494.9188593047953,91.23320188191323,29570.99511549263
861,707.2793927083596,7395.961461083647,0.0,0.0,53.0,494.9188593047953,91.23320188191323,29570.91262901608
862,707.2793927083596,7395.961461083647,0.0,0.0,53.0,494.9188593047953,91.23320188191323,29570.83014253953
863,707.2793927083596,7395.961461083647,0.0,0.0,53.0,494.9188593047953,91.23320188191323,29570.747656062977
864,707.2793927083596,7395.961461083647,0.0,0.0,53.0,494.9188593047953,91.23320188191323,29570.665169586428
865,707.2793927083596,7395.961461083647,0.0,0.0,53.0,494.9188593047953,91.23320188191323,29570.582683109875
866,707.2793927083596,7395.961461083647,0.0,0.0,53.0,494.9188593047953,91.23320188191323,29570.500196633326
867,704.5177501839743,7314.524104676896,0.0,0.0,53.0,492.050432036387,96.26652522203744,29490.232308671842
868,704.5177501839743,7314.524104676896,0.0,0.0,53.0,492.050432036387,96.26652522203744,29490.150300266505
869,704.5177501839743,7314.524104676896,0.0,0.0,53.0,492.050432036387,96.26652522203744,29490.068291861164
870,704.5177501839743,7314.524104676896,0.0,0.0,53.0,492.050432036387,96.26652522203744,29489.986283455826
871,704.1005696505241,7301.382145270034,0.0,0.0,54.0,492.05043203638695,96.26652522203743,29876.345135110172
872,704.1005696505241,7301.382145270035,0.0,0.0,54.0,492.050432036387,96.26652522203744,29876.263126704835
873,704.1005696505241,7301.382145270034,0.0,0.0,54.0,492.05043203638695,96.26652522203743,29876.181118299493
874,704.1005696505241,7301.382145270034,0.0,0.0,54.0,492.05043203638695,96.26652522203743,29876.099109894156
875,704.1005696505241,7301.382145270034,0.0,0.0,54.0,492.05043203638695,96.26652522203743,29876.017101488815
876,704.1005696505241,7301.382145270035,0.0,0.0,54.0,492.050432036387,96.26652522203744,29875.935093083477
877,704.1005696505241,7301.382145270034,0.0,0.0,54.0,492.05043203638695,96.26652522203743,29875.853084678136
878,704.1005696505241,7301.382145270034,0.0,0.0,54.0,492.05043203638695,96.26652522203743,29875.7710762728
879,701.3479640612964,7186.295790171784,0.0,0.0,54.0,489.3907541058415,98.83693881216003,29759.480324621658
880,701.3479640612964,7186.295790171784,0.0,0.0,54.0,489.3907541058415,98.83693881216003,29759.398759495973
881,701.3479640612964,7186.295790171784,0.0,0.0,54.0,489.3907541058415,98.83693881216003,29759.31719437029
882,701.3479640612964,7186.295790171784,0.0,0.0,54.0,489.3907541058415,98.83693881216004,29759.235629244606
883,701.3479640612966,7186.295790171782,0.0,0.0,54.0,489.3907541058415,98.83693881216003,29759.154064118917
884,701.3479640612966,7186.295790171782,0.0,0.0,54.0,489.3907541058415,98.83693881216003,29759.07249899323
885,701.3479640612966,7186.295790171782,0.0,0.0,54.0,489.3907541058415,98.83693881216003,29758.99093386755
886,701.3479640612966,7186.295790171782,0.0,0.0,54.0,489.3907541058415,98.83693881216003,29758.909368741864
887,701.3479640612966,7186.295790171782,0.0,0.0,54.0,489.3907541058415,98.83693881216003,29758.82780361618
888,701.3479640612966,7186.295790171782,0.0,0.0,54.0,489.3907541058415,98.83693881216003,29758.746238490497
889,701.3479640612966,7186.295790171782,0.0,0.0,54.0,489.3907541058415,98.83693881216003,29758.664673364812
890,701.3479640612966,7186.295790171782,0.0,0.0,54.0,489.3907541058415,98.83693881216003,29758.583108239127
891,701.3479640612966,7186.295790171782,0.0,0.0,54.0,489.3907541058415,98.83693881216003,29758.50154311344
892,701.3479640612966,7186.295790171782,0.0,0.0,54.0,489.3907541058415,98.83693881216003,29758.41997798776
893,701.3479640612966,7186.295790171782,0.0,0.0,54.0,489.3907541058415,98.83693881216003,29758.338412862075
894,701.3479640612966,7186.295790171782,0.0,0.0,54.0,489.3907541058415,98.83693881216003,29758.25684773639
895,701.3479640612966,7186.295790171782,0.0,0.0,54.0,489.3907541058415,98.83693881216003,29758.175282610704
896,701.3479640612966,7186.295790171782,0.0,0.0,54.0,489.3907541058415,98.83693881216003,29758.093717485022
897,701.3479640612966,7186.295790171782,0.0,0.0,54.0,489.3907541058415,98.83693881216003,29758.012152359337
898,701.3479640612966,7186.295790171782,0.0,0.0,54.0,489.3907541058415,98.83693881216003,29757.93058723365
899,710.5902799900223,7000.761139452856,0.0,0.0,54.0,493.5923424179537,94.01974463025917,29578.210749309826
900,710.5902799900223,7000.761139452856,0.0,0.0,54.0,493.5923424179537,94.01974463025917,29578.128483919423
901,710.5902799900219,7000.761139452851,0.0,0.0,54.0,493.5923424179537,94.01974463025917,29578.046218529013
902,710.5902799900219,7000.761139452851,0.0,0.0,54.0,493.5923424179537,94.01974463025917,29577.96395313861
903,710.5902799900219,7000.761139452851,0.0,0.0,54.0,493.5923424179537,94.01974463025917,29577.881687748206
904,710.5902799900219,7000.76113945285,0.0,0.0,54.0,493.5923424179537,94.01974463025917,29577.799422357803
905,710.5902799900219,7000.76113945285,0.0,0.0,54.0,493.5923424179537,94.01974463025917,29577.7171569674
906,710.5902799900219,7000.761139452851,0.0,0.0,54.0,493.5923424179537,94.01974463025917,29577.634891576996
907,710.5902799900219,7000.761139452851,0.0,0.0,54.0,493.5923424179537,94.01974463025917,29577.552626186593
908,710.5902799900219,7000.761139452851,0.0,0.0,54.0,493.5923424179537,94.01974463025917,29577.47036079619
909,710.5902799900219,7000.761139452851,0.0,0.0,54.0,493.5923424179537,94.01974463025917,29577.388095405786
910,710.5902799900219,7000.761139452851,0.0,0.0,54.0,493.5923424179537,94.01974463025917,29577.305830015386
911,710.5902799900219,7000.761139452851,0.0,0.0,54.0,493.5923424179537,94.01974463025917,29577.223564624983
912,710.5902799900219,7000.761139452851,0.0,0.0,54.0,493.5923424179537,94.01974463025917,29577.14129923458
913,710.5902799900219,7000.761139452851,0.0,0.0,54.0,493.5923424179537,94.01974463025917,29577.059033844176
914,710.5902799900219,7000.761139452851,0.0,0.0,54.0,493.5923424179537,94.01974463025917,29576.976768453773
915,710.7269072099044,6990.73736379237,0.0,0.0,54.0,493.59234241795366,94.01974463025917,29567.007354622772
916,710.7269072099044,6990.73736379237,0.0,0.0,54.0,493.59234241795366,94.01974463025917,29566.92508923237
917,710.7269072099044,6990.73736379237,0.0,0.0,54.0,493.59234241795366,94.01974463025917,29566.842823841966
918,710.7269072099044,6990.73736379237,0.0,0.0,54.0,493.59234241795366,94.01974463025917,29566.760558451562
919,710.7269072099044,6990.73736379237,0.0,0.0,54.0,493.59234241795366,94.01974463025917,29566.67829306116
920,710.7269072099044,6990.73736379237,0.0,0.0,54.0,493.59234241795366,94.01974463025917,29566.59602767076
921,710.7269072099044,6990.73736379237,0.0,0.0,54.0,493.59234241795366,94.01974463025917,29566.513762280356
922,710.7269072099044,6990.73736379237,0.0,0.0,54.0,493.59234241795366,94.01974463025917,29566.431496889953
923,710.7269072099044,6990.73736379237,0.0,0.0,54.0,493.59234241795366,94.01974463025917,29566.34923149955
924,710.7269072099044,6990.73736379237,0.0,0.0,54.0,493.59234241795366,94.01974463025917,29566.266966109146
925,710.7269072099044,6990.73736379237,0.0,0.0,54.0,493.59234241795366,94.01974463025917,29566.184700718743
926,710.7269072099044,6990.73736379237,0.0,0.0,54.0,493.59234241795366,94.01974463025917,29566.10243532834
927,705.5429753012927,6922.945134972069,0.0,0.0,54.0,491.11495206168047,98.19759612550541,29496.36592233618
928,705.5429753012927,6922.945134972069,0.0,0.0,54.0,491.11495206168047,98.19759612550541,29496.28406984417
929,705.5429753012927,6922.945134972069,0.0,0.0,54.0,491.11495206168047,98.19759612550541,29496.20221735216
930,705.5429753012927,6922.945134972069,0.0,0.0,54.0,491.11495206168047,98.19759612550541,29496.120364860148
931,705.4063480814102,6929.981511904032,0.0,0.0,54.0,491.1149520616805,98.19759612550541,29502.938262080217
932,705.4063480814102,6929.981511904029,0.0,0.0,54.0,491.1149520616805,98.19759612550541,29502.856409588203
933,701.2247797849061,6852.694996746738,0.0,0.0,54.0,490.8184291512748,110.35720667589615,29433.363932050153
934,701.2247797849061,6852.694996746738,0.0,0.0,54.0,490.8184291512748,110.35720667589615,29433.28212897863
935,701.2247797849061,6852.694996746738,0.0,0.0,54.0,490.8184291512748,110.35720667589615,29433.200325907103
936,701.2247797849061,6852.694996746738,0.0,0.0,54.0,490.8184291512748,110.35720667589615,29433.11852283558
937,701.2247797849061,6852.694996746738,0.0,0.0,54.0,490.8184291512748,110.35720667589615,29433.03671976405
938,701.2247797849061,6852.694996746738,0.0,0.0,54.0,490.8184291512748,110.35720667589615,29432.954916692528
939,702.6072304108709,6852.694996746738,0.0,0.0,54.0,491.78473255876,107.58305183199886,29431.81333462354
940,702.6072304108709,6852.694996746738,0.0,0.0,54.0,491.78473255876,107.58305183199886,29431.81333462354
941,699.5960704394629,6773.689063925982,0.0,0.0,54.0,486.6263526555723,102.72639928681352,29343.005477005227
942,699.5960704394629,6773.689063925982,0.0,0.0,54.0,486.6263526555723,102.72639928681352,29342.924372613117
943,699.5960704394629,6773.689063925978,0.0,0.0,54.0,486.6263526555723,102.72639928681352,29342.843268221008
944,699.5960704394629,6773.689063925978,0.0,0.0,54.0,486.6263526555723,102.72639928681352,29342.7621638289
945,699.5960704394629,6773.689063925978,0.0,0.0,54.0,486.6263526555723,102.72639928681352,29342.68105943679
946,699.5960704394629,6773.689063925978,0.0,0.0,54.0,486.6263526555723,102.72639928681352,29342.59995504468
947,699.5960704394629,6773.689063925978,0.0,0.0,54.0,486.6263526555723,102.72639928681352,29342.51885065257
948,699.5960704394629,6773.689063925978,0.0,0.0,54.0,486.6263526555723,102.72639928681352,29342.43774626046
949,699.5960704394629,6773.689063925978,0.0,0.0,54.0,486.6263526555723,102.72639928681352,29342.35664186835
950,699.5960704394629,6773.689063925978,0.0,0.0,54.0,486.6263526555723,102.72639928681352,29342.275537476242
951,699.5960704394629,6773.689063925978,0.0,0.0,54.0,486.6263526555723,102.72639928681352,29342.194433084132
952,699.5960704394629,6773.689063925978,0.0,0.0,54.0,486.6263526555723,102.72639928681352,29342.113328692023
953,699.5960704394629,6773.689063925978,0.0,0.0,54.0,486.6263526555723,102.72639928681352,29342.032224299914
954,699.5960704394627,6773.689063925975,0.0,0.0,54.0,486.6263526555723,102.72639928681352,29341.9511199078
955,699.5960704394627,6773.689063925975,0.0,0.0,54.0,486.6263526555723,102.72639928681352,29341.87001551569
956,699.5960704394627,6773.689063925975,0.0,0.0,54.0,486.6263526555723,102.72639928681352,29341.78891112358
957,699.5960704394627,6773.689063925975,0.0,0.0,54.0,486.6263526555723,102.72639928681352,29341.707806731472
958,699.5960704394627,6773.689063925975,0.0,0.0,54.0,486.6263526555723,102.72639928681352,29341.626702339363
959,699.5960704394627,6773.689063925975,0.0,0.0,54.0,486.6263526555723,102.72639928681352,29341.545597947254
960,699.5960704394627,6773.689063925975,0.0,0.0,54.0,486.6263526555723,102.72639928681352,29341.464493555144
961,699.596070439463,6773.689063925983,0.0,0.0,54.0,486.62635265557236,102.72639928681352,29341.383389163046
962,699.596070439463,6773.689063925983,0.0,0.0,54.0,486.62635265557236,102.72639928681352,29341.302284770936
963,699.596070439463,6773.689063925983,0.0,0.0,54.0,486.62635265557236,102.72639928681352,29341.221180378827
964,699.5960704394629,6773.68906392598,0.0,0.0,54.0,486.6263526555724,102.72639928681352,29341.140075986714
965,699.5960704394629,6773.68906392598,0.0,0.0,54.0,486.6263526555724,102.72639928681352,29341.058971594604
966,699.5960704394629,6773.68906392598,0.0,0.0,54.0,486.6263526555724,102.72639928681352,29340.977867202495
967,699.7326976593455,6766.6526869940235,0.0,0.0,54.0,486.62635265557236,102.72639928681352,29333.997013098313
968,699.7326976593455,6766.6526869940235,0.0,0.0,54.0,486.62635265557236,102.72639928681352,29333.915908706203
969,699.7326976593455,6766.6526869940235,0.0,0.0,54.0,486.62635265557236,102.72639928681352,29333.834804314094
970,700.3113585642209,6850.225771672397,0.0,0.0,53.0,486.4866792544941,104.47788359291509,29019.60967364397
971,700.4479857841034,6843.189394740437,0.0,0.0,53.0,486.4866792544941,104.47788359291509,29012.62884281868
972,700.4479857841034,6843.189394740437,0.0,0.0,53.0,486.4866792544941,104.47788359291509,29012.54776170547
973,700.4479857841034,6843.189394740437,0.0,0.0,53.0,486.4866792544941,104.47788359291509,29012.46668059226
974,701.4509527551799,6906.672434876083,0.0,0.0,52.0,486.48667925449405,104.47788359291509,28676.871606585777
975,701.4509527551799,6906.672434876083,0.0,0.0,52.0,486.48667925449405,104.47788359291509,28676.790525472567
976,701.4509527551799,6906.672434876083,0.0,0.0,52.0,486.48667925449405,104.47788359291509,28676.70944435936
977,701.4509527551799,6906.672434876083,0.0,0.0,52.0,486.48667925449405,104.47788359291509,28676.62836324615
978,701.4509527551799,6906.672434876083,0.0,0.0,52.0,486.48667925449405,104.47788359291509,28676.54728213294
979,701.4509527551799,6906.672434876083,0.0,0.0,52.0,486.48667925449405,104.47788359291509,28676.46620101973
980,701.4509527551799,6906.672434876083,0.0,0.0,52.0,486.48667925449405,104.47788359291509,28676.38511990652
981,701.4509527551799,6906.672434876083,0.0,0.0,52.0,486.48667925449405,104.47788359291509,28676.304038793314
982,701.4509527551799,6906.672434876083,0.0,0.0,52.0,486.48667925449405,104.47788359291509,28676.222957680104
983,701.4509527551799,6906.672434876083,0.0,0.0,52.0,486.48667925449405,104.47788359291509,28676.141876566893
984,701.4509527551799,6906.672434876083,0.0,0.0,52.0,486.48667925449405,104.47788359291509,28676.060795453686
985,701.4509527551799,6906.672434876083,0.0,0.0,52.0,486.48667925449405,104.47788359291509,28675.979714340476
986,701.4509527551799,6906.672434876083,0.0,0.0,52.0,486.48667925449405,104.47788359291509,28675.89863322727
987,701.4509527551799,6906.672434876083,0.0,0.0,52.0,486.48667925449405,104.47788359291509,28675.81755211406
988,701.4509527551799,6906.672434876083,0.0,0.0,52.0,486.48667925449405,104.47788359291509,28675.736471000848
989,701.4509527551799,6906.672434876083,0.0,0.0,52.0,486.48667925449405,104.47788359291509,28675.65538988764
990,701.4509527551799,6906.672434876083,0.0,0.0,52.0,486.48667925449405,104.47788359291509,28675.57430877443
991,700.3113585642208,6850.225771672397,0.0,0.0,53.0,486.48667925449405,104.47788359291508,29017.90697026658
992,700.3113585642208,6850.225771672397,0.0,0.0,53.0,486.48667925449405,104.47788359291508,29017.82588915337
993,700.3113585642208,6850.225771672397,0.0,0.0,53.0,486.48667925449405,104.47788359291508,29017.74480804016
994,700.3113585642208,6850.225771672397,0.0,0.0,53.0,486.48667925449405,104.47788359291508,29017.663726926952
995,700.3113585642208,6850.225771672397,0.0,0.0,53.0,486.48667925449405,104.47788359291508,29017.58264581374
996,700.3113585642208,6850.225771672397,0.0,0.0,53.0,486.48667925449405,104.47788359291508,29017.501564700535
997,700.3113585642208,6850.225771672397,0.0,0.0,53.0,486.48667925449405,104.47788359291508,29017.420483587324
998,700.3113585642208,6850.225771672397,0.0,0.0,53.0,486.48667925449405,104.47788359291508,29017.339402474114
999,692.3113585642207,6796.161085644286,0.0,0.0,53.0,478.2190237676927,110.49333924913137,28958.451827884164
1000,692.3113585642207,6796.161085644286,0.0,0.0,53.0,478.2190237676927,110.49333924913137,28958.372124713536
1001,692.3113585642207,6796.161085644286,0.0,0.0,53.0,478.2190237676927,110.49333924913137,28958.29242154291
1002,692.3113585642207,6796.161085644286,0.0,0.0,53.0,478.2190237676927,110.49333924913137,28958.21271837228
1003,692.3113585642204,6796.161085644282,0.0,0.0,53.0,478.2190237676927,110.49333924913137,28958.13301520165
1004,692.3113585642204,6796.161085644282,0.0,0.0,53.0,478.2190237676927,110.49333924913137,28958.05331203102
1005,692.3113585642204,6796.161085644282,0.0,0.0,53.0,478.2190237676927,110.49333924913137,28957.973608860393
1006,692.3113585642204,6796.161085644282,0.0,0.0,53.0,478.2190237676927,110.49333924913137,28957.893905689765
1007,692.3113585642204,6796.161085644282,0.0,0.0,53.0,478.2190237676927,110.49333924913137,28957.814202519137
1008,692.3113585642204,6796.161085644282,0.0,0.0,53.0,478.2190237676927,110.49333924913137,28957.73449934851
1009,692.3113585642204,6796.161085644282,0.0,0.0,53.0,478.2190237676927,110.49333924913137,28957.65479617788
1010,692.3113585642204,6796.161085644282,0.0,0.0,53.0,478.2190237676927,110.49333924913137,28957.575093007254
1011,692.3113585642204,6796.161085644282,0.0,0.0,53.0,478.2190237676927,110.49333924913137,28957.495389836626
1012,698.9532890269015,6295.31711256819,0.0,0.0,54.0,482.2023512884713,112.38887250981874,28866.42898649849
1013,698.9532890269015,6295.31711256819,0.0,0.0,54.0,482.2023512884713,112.38887250981874,28866.34861943994
1014,698.9532890269015,6295.31711256819,0.0,0.0,54.0,482.2023512884713,112.38887250981874,28866.268252381393
1015,698.9532890269015,6295.31711256819,0.0,0.0,54.0,482.2023512884713,112.38887250981874,28866.187885322845
1016,698.2561556453271,6282.533535373708,0.0,0.0,54.0,482.4013971842238,112.90627361676226,28853.210026638048
1017,698.2561556453271,6282.533535373708,0.0,0.0,54.0,482.4013971842238,112.90627361676226,28853.12962640518
1018,698.2561556453271,6282.533535373708,0.0,0.0,54.0,482.4013971842238,112.90627361676226,28853.04922617232
1019,698.2561556453271,6282.533535373708,0.0,0.0,54.0,482.4013971842238,112.90627361676226,28852.968825939453
1020,698.2561556453271,6282.533535373708,0.0,0.0,54.0,482.4013971842238,112.90627361676226,28852.88842570659
1021,698.2561556453275,6282.533535373702,0.0,0.0,54.0,482.4013971842238,112.90627361676228,28852.80802547372
1022,698.2561556453275,6282.533535373702,0.0,0.0,54.0,482.4013971842238,112.90627361676228,28852.727625240856
1023,699.4982402479807,6234.818664242829,0.0,0.0,54.0,481.91513721732423,113.84559404915241,28806.95353625307
1024,699.4982402479807,6234.818664242829,0.0,0.0,54.0,481.91513721732423,113.84559404915241,28806.873217063534
1025,699.4982402479807,6234.818664242829,0.0,0.0,54.0,481.91513721732423,113.84559404915241,28806.792897874
1026,699.4982402479807,6234.818664242829,0.0,0.0,54.0,481.91513721732423,113.84559404915241,28806.712578684463
1027,699.4982402479807,6234.818664242829,0.0,0.0,54.0,481.91513721732423,113.84559404915241,28806.632259494923
1028,699.4982402479807,6234.818664242829,0.0,0.0,54.0,481.91513721732423,113.84559404915241,28806.551940305388
1029,699.4982402479807,6234.818664242829,0.0,0.0,54.0,481.91513721732423,113.84559404915241,28806.471621115852
1030,699.4982402479807,6234.818664242829,0.0,0.0,54.0,481.91513721732423,113.84559404915241,28806.391301926316
1031,699.4982402479807,6234.818664242829,0.0,0.0,54.0,481.91513721732423,113.84559404915241,28806.31098273678
1032,699.4982402479807,6234.818664242829,0.0,0.0,54.0,481.91513721732423,113.84559404915241,28806.230663547245
1033,699.4982402479807,6234.818664242829,0.0,0.0,54.0,481.91513721732423,113.84559404915241,28806.150344357706
1034,696.696381926025,6188.096728674623,0.0,0.0,54.0,481.6784399730813,129.4742947172548,28772.09737414908
1035,696.696381926025,6188.096728674623,0.0,0.0,54.0,481.6784399730813,129.4742947172548,28772.017094409086
1036,696.696381926025,6188.096728674623,0.0,0.0,54.0,481.6784399730813,129.4742947172548,28771.93681466909
1037,696.696381926025,6188.096728674621,0.0,0.0,54.0,481.67843997308125,129.4742947172548,28771.85653492909
1038,696.696381926025,6188.096728674621,0.0,0.0,54.0,481.67843997308125,129.4742947172548,28771.7762551891
1039,696.696381926025,6188.096728674621,0.0,0.0,54.0,481.67843997308125,129.4742947172548,28771.695975449104
1040,696.696381926025,6188.096728674621,0.0,0.0,54.0,481.67843997308125,129.4742947172548,28771.615695709108
1041,696.696381926025,6188.096728674621,0.0,0.0,54.0,481.67843997308125,129.4742947172548,28771.535415969112
1042,696.696381926025,6188.096728674621,0.0,0.0,54.0,481.67843997308125,129.4742947172548,28771.455136229117
1043,696.696381926025,6188.096728674621,0.0,0.0,54.0,481.67843997308125,129.4742947172548,28771.37485648912
1044,696.696381926025,6188.096728674621,0.0,0.0,54.0,481.67843997308125,129.4742947172548,28771.294576749126
1045,696.8330091459072,6185.680097925697,0.0,0.0,54.0,481.6784399730812,129.47429471725482,28768.93429348009
1046,696.8330091459072,6185.680097925697,0.0,0.0,54.0,481.6784399730812,129.47429471725482,28768.854013740096
1047,696.8330091459072,6185.680097925697,0.0,0.0,54.0,481.6784399730812,129.47429471725482,28768.7737340001
1048,696.8330091459072,6185.680097925697,0.0,0.0,54.0,481.6784399730812,129.47429471725482,28768.693454260105
1049,696.8330091459072,6185.680097925697,0.0,0.0,54.0,481.6784399730812,129.47429471725482,28768.61317452011
1050,696.8330091459072,6185.680097925697,0.0,0.0,54.0,481.6784399730812,129.47429471725482,28768.532894780114
1051,696.6963819260249,6188.096728674618,0.0,0.0,54.0,481.67843997308137,129.47429471725482,28770.732618569156
1052,696.6963819260249,6188.096728674618,0.0,0.0,54.0,481.67843997308137,129.47429471725482,28770.65233882916
1053,696.6963819260249,6188.096728674618,0.0,0.0,54.0,481.67843997308137,129.47429471725482,28770.572059089165
1054,696.6963819260249,6188.096728674618,0.0,0.0,54.0,481.67843997308137,129.47429471725482,28770.49177934917
1055,696.6963819260249,6188.096728674618,0.0,0.0,54.0,481.67843997308137,129.47429471725482,28770.411499609174
1056,696.6963819260249,6188.096728674618,0.0,0.0,54.0,481.67843997308137,129.47429471725482,28770.33121986918
1057,696.6963819260249,6188.096728674618,0.0,0.0,54.0,481.67843997308137,129.47429471725482,28770.250940129183
1058,696.6963819260249,6188.096728674618,0.0,0.0,54.0,481.67843997308137,129.47429471725482,28770.170660389187
1059,696.6963819260249,6188.096728674618,0.0,0.0,54.0,481.67843997308137,129.47429471725482,28770.09038064919
1060,696.6963819260249,6188.096728674618,0.0,0.0,54.0,481.67843997308137,129.47429471725482,28770.010100909196
1061,696.6963819260249,6188.096728674618,0.0,0.0,54.0,481.67843997308137,129.47429471725482,28769.9298211692
1062,696.6963819260249,6188.096728674618,0.0,0.0,54.0,481.67843997308137,129.47429471725482,28769.849541429205
1063,696.6963819260249,6188.096728674618,0.0,0.0,54.0,481.67843997308137,129.47429471725482,28769.76926168921
1064,696.6963819260249,6188.096728674618,0.0,0.0,54.0,481.67843997308137,129.47429471725482,28769.688981949213
1065,696.6963819260249,6188.096728674618,0.0,0.0,54.0,481.67843997308137,129.47429471725482,28769.608702209218
1066,696.6963819260249,6188.096728674618,0.0,0.0,54.0,481.67843997308137,129.47429471725482,28769.528422469222
1067,696.6963819260249,6188.096728674618,0.0,0.0,54.0,481.67843997308137,129.47429471725482,28769.448142729227
1068,696.6963819260251,6188.096728674615,0.0,0.0,54.0,481.67843997308137,129.47429471725482,28769.367862989227
1069,696.3935153075994,6115.304971174134,0.0,0.0,54.0,481.5082673894555,128.70026265760774,28695.36415986085
1070,694.493078799334,6024.128382685946,0.0,0.0,54.0,480.1299633765274,134.23762109675988,28607.300887468155
1071,694.493078799334,6024.128382685946,0.0,0.0,54.0,480.1299633765274,134.23762109675988,28607.220865807594
1072,694.493078799334,6024.128382685946,0.0,0.0,54.0,480.1299633765274,134.23762109675988,28607.14084414703
1073,694.1902121809084,5951.336625185462,0.0,0.0,54.0,479.9597907929016,133.4635890371128,28533.137512546473
1074,694.1902121809086,5951.3366251854595,0.0,0.0,54.0,479.9597907929016,133.4635890371128,28533.057519248003
1075,694.1902121809086,5951.3366251854595,0.0,0.0,54.0,479.9597907929016,133.4635890371128,28532.977525949536
1076,694.1902121809085,5951.336625185458,0.0,0.0,54.0,479.9597907929016,133.4635890371128,28532.897532651066
1077,695.078865236961,6177.173188169801,0.0,0.0,53.0,480.12996337652737,134.23762109675988,28360.3713277657
1078,695.078865236961,6177.173188169801,0.0,0.0,53.0,480.12996337652737,134.23762109675988,28360.3713277657
1079,695.078865236961,6177.173188169801,0.0,0.0,53.0,480.12996337652737,134.23762109675988,28360.211284444573
1080,694.7759986185354,6103.393847157829,0.0,0.0,53.0,479.9597907929015,133.4635890371128,28285.220567867207
1081,687.586568673346,6088.643796593178,0.0,0.0,58.0,479.9597907929016,133.46358903711283,30263.201094058903
1082,687.586568673346,6088.643796593178,0.0,0.0,58.0,479.9597907929016,133.46358903711283,30263.121100760436
1083,690.5230663618393,6595.257764876413,0.0,0.0,56.0,476.84799086727486,145.39412388849053,29983.527888208835
1084,690.5230663618393,6595.257764876413,0.0,0.0,56.0,476.84799086727486,145.39412388849053,29983.44841354369
1085,690.5230663618393,6595.257764876413,0.0,0.0,56.0,476.84799086727486,145.39412388849053,29983.368938878546
1086,690.5230663618389,6595.25776487641,0.0,0.0,56.0,476.84799086727486,145.39412388849053,29983.289464213398
1087,690.5230663618389,6595.25776487641,0.0,0.0,56.0,476.84799086727486,145.39412388849053,29983.209989548253
1088,690.5230663618389,6595.25776487641,0.0,0.0,56.0,476.84799086727486,145.39412388849053,29983.13051488311
1089,690.5230663618389,6595.25776487641,0.0,0.0,56.0,476.84799086727486,145.39412388849053,29983.051040217964
1090,690.5230663618389,6595.25776487641,0.0,0.0,56.0,476.84799086727486,145.39412388849053,29982.97156555282
1091,690.5230663618389,6595.25776487641,0.0,0.0,56.0,476.84799086727486,145.39412388849053,29982.892090887675
1092,690.5230663618389,6595.25776487641,0.0,0.0,56.0,476.84799086727486,145.39412388849053,29982.81261622253
1093,690.5230663618389,6595.25776487641,0.0,0.0,56.0,476.84799086727486,145.39412388849053,29982.733141557386
1094,690.5230663618389,6595.25776487641,0.0,0.0,56.0,476.84799086727486,145.39412388849053,29982.65366689224
1095,690.5230663618389,6595.25776487641,0.0,0.0,56.0,476.84799086727486,145.39412388849053,29982.574192227097
1096,690.5230663618389,6595.25776487641,0.0,0.0,56.0,476.84799086727486,145.39412388849053,29982.494717561953
1097,690.5230663618389,6595.25776487641,0.0,0.0,56.0,476.84799086727486,145.39412388849053,29982.41524289681
1098,680.3702800534065,6155.345191510172,0.0,0.0,55.0,472.65320367455615,149.45050694951036,29134.99704407792
1099,680.3702800534065,6155.345191510172,0.0,0.0,55.0,472.65320367455615,149.45050694951036,29134.918268543974
1100,680.3702800534065,6155.345191510172,0.0,0.0,55.0,472.65320367455615,149.45050694951036,29134.83949301003
1101,680.3702800534065,6155.345191510172,0.0,0.0,55.0,472.65320367455615,149.45050694951036,29134.760717476085
1102,683.5479084586125,6619.950172287299,0.0,0.0,53.0,473.70371219107085,146.45582025468127,28799.802175290366
1103,683.5479084586125,6619.950172287299,0.0,0.0,53.0,473.70371219107085,146.45582025468127,28799.802175290366
1104,683.5479084586125,6619.950172287299,0.0,0.0,53.0,473.7037121910709,146.45582025468127,28799.644274052967
1105,683.5479084586125,6619.950172287299,0.0,0.0,53.0,473.7037121910709,146.45582025468127,28799.56532343427
1106,683.5479084586125,6619.950172287299,0.0,0.0,53.0,473.7037121910709,146.45582025468127,28799.486372815572
1107,683.5479084586125,6619.950172287299,0.0,0.0,53.0,473.70371219107085,146.45582025468127,28799.407422196873
1108,683.5479084586125,6619.950172287299,0.0,0.0,53.0,473.7037121910709,146.45582025468127,28799.328471578174
1109,683.5479084586125,6619.950172287299,0.0,0.0,53.0,473.7037121910709,146.45582025468127,28799.249520959474
1110,683.5479084586125,6619.950172287299,0.0,0.0,53.0,473.7037121910709,146.45582025468127,28799.17057034078
1111,688.9190319279398,6135.600603875143,0.0,1.0,57.0,475.96600035585914,129.9614117005434,31077.3453939976
1112,688.9190319279398,6135.600603875143,0.0,1.0,57.0,475.96600035585914,129.9614117005434,31077.3453939976
1113,684.3978186925762,6675.645058496283,0.0,0.0,53.0,474.0203563089263,147.11347785836176,28856.235757106377
1114,683.6622598991594,6572.630751075803,0.0,0.0,53.0,473.7037121910709,146.45582025468127,28751.64969809504
1115,683.6622598991594,6572.630751075803,0.0,0.0,53.0,473.7037121910709,146.45582025468127,28751.57074747634
1116,683.6622598991594,6572.630751075803,0.0,0.0,53.0,473.7037121910709,146.45582025468127,28751.49179685764
1117,683.6622598991594,6572.630751075803,0.0,0.0,53.0,473.7037121910709,146.45582025468127,28751.41284623894
1118,683.6622598991594,6572.630751075803,0.0,0.0,53.0,473.7037121910709,146.45582025468127,28751.333895620242
1119,683.6622598991594,6572.630751075803,0.0,0.0,53.0,473.7037121910709,146.45582025468127,28751.254945001547
1120,683.6622598991594,6572.630751075803,0.0,0.0,53.0,473.7037121910709,146.45582025468127,28751.175994382847
1121,683.6622598991594,6572.630751075803,0.0,0.0,53.0,473.7037121910709,146.45582025468127,28751.097043764148
1122,683.6622598991594,6572.630751075803,0.0,0.0,53.0,473.7037121910709,146.45582025468127,28751.01809314545
1123,683.6622598991594,6572.630751075803,0.0,0.0,53.0,473.7037121910709,146.45582025468127,28750.93914252675
1124,683.6622598991594,6572.630751075803,0.0,0.0,53.0,473.7037121910709,146.45582025468127,28750.860191908054
1125,683.6622598991594,6572.630751075803,0.0,0.0,53.0,473.7037121910709,146.45582025468127,28750.781241289355
1126,683.6622598991594,6572.630751075803,0.0,0.0,53.0,473.7037121910709,146.45582025468127,28750.702290670655
1127,683.6622598991594,6572.630751075803,0.0,0.0,53.0,473.7037121910709,146.45582025468127,28750.623340051956
1128,683.6622598991594,6572.630751075803,0.0,0.0,53.0,473.7037121910709,146.45582025468127,28750.54438943326
1129,683.1521806818281,6515.481388657128,0.0,0.0,53.0,474.86077214802026,154.02425357422135,28700.735240361337
1130,683.1521806818281,6515.481388657128,0.0,0.0,53.0,474.86077214802026,154.02425357422135,28700.65609689931
1131,683.1521806818281,6515.481388657128,0.0,0.0,53.0,474.86077214802026,154.02425357422135,28700.576953437285
1132,683.1521806818281,6515.481388657128,0.0,0.0,53.0,474.86077214802026,154.02425357422135,28700.497809975262
1133,683.1521806818281,6515.481388657128,0.0,0.0,53.0,474.86077214802026,154.02425357422135,28700.418666513237
1134,683.1521806818281,6515.481388657128,0.0,0.0,53.0,474.86077214802026,154.02425357422135,28700.33952305121
1135,684.4658445286756,6613.603230250042,0.0,0.0,52.0,474.86077214802026,154.02425357422135,28399.69588502895
1136,683.9814734607951,6462.046674271364,0.0,0.0,51.0,475.04208711919756,152.9081581511116,27846.51604761497
1137,683.9814734607951,6462.046674271364,0.0,0.0,51.0,475.04208711919756,152.9081581511116,27846.51604761497
1138,683.981473460795,6462.046674271363,0.0,0.0,51.0,475.04208711919756,152.9081581511116,27846.357700252596
1139,683.9814734607951,6462.046674271364,0.0,0.0,51.0,475.04208711919756,152.9081581511116,27846.27852657141
1140,683.981473460795,6462.046674271363,0.0,0.0,51.0,475.04208711919756,152.9081581511116,27846.199352890224
1141,696.706995657383,6688.40412396732,0.0,1.0,65.0,475.0420871191975,152.90815815111156,34885.54055014304
1142,680.3528774027187,6163.297229776515,-5.820766091346741e-11,2.0,61.0,475.04208711919756,152.9081581511116,33946.18105635831
1143,680.3528774027187,6163.297229776515,-5.820766091346741e-11,2.0,61.0,475.04208711919756,152.9081581511116,33946.18105635831
1144,680.3528774027187,6163.297229776515,-5.820766091346741e-11,2.0,61.0,475.04208711919756,152.9081581511116,33947.94659130061
1145,680.3528774027187,6163.297229776515,-5.820766091346741e-11,2.0,61.0,475.04208711919756,152.9081581511116,33949.71354265261
1146,680.3528774027187,6163.297229776515,-5.820766091346741e-11,2.0,61.0,475.04208711919756,152.9081581511116,33951.48191150185
1147,680.3528774027187,6163.297229776515,-5.820766091346741e-11,2.0,61.0,475.04208711919756,152.9081581511116,33953.25169893672
1148,680.3528774027187,6163.297229776515,-5.820766091346741e-11,2.0,61.0,475.04208711919756,152.9081581511116,33955.02290604643
1149,680.3528774027187,6163.297229776515,-5.820766091346741e-11,2.0,61.0,475.04208711919756,152.9081581511116,33956.79553392107
1150,680.3528774027187,6163.297229776515,-5.820766091346741e-11,2.0,61.0,475.04208711919756,152.9081581511116,33958.5695836515
1151,680.3528774027187,6163.297229776515,-5.820766091346741e-11,2.0,61.0,475.04208711919756,152.9081581511116,33960.345056329475
1152,690.1431140750809,6374.888883194225,-5.820766091346741e-11,1.0,56.0,475.72781360369845,153.351094188208,30975.421781415484
1153,690.1431140750809,6374.888883194225,-5.820766091346741e-11,1.0,56.0,475.72781360369845,153.351094188208,30975.421781415484
1154,690.1431140750809,6374.888883194225,-5.820766091346741e-11,1.0,56.0,475.72781360369845,153.351094188208,30976.271954326836
1155,690.1431140750809,6374.888883194225,-5.820766091346741e-11,1.0,56.0,475.72781360369845,153.351094188208,30977.12284089962
1156,690.1431140750809,6374.888883194225,-5.820766091346741e-11,1.0,56.0,475.72781360369845,153.351094188208,30977.9744416818
1157,690.1431140750809,6374.888883194225,-5.820766091346741e-11,1.0,56.0,475.72781360369845,153.351094188208,30978.826757221766
1158,690.1431140750809,6374.888883194225,-5.820766091346741e-11,1.0,56.0,475.72781360369845,153.351094188208,30979.67978806832
1159,690.1431140750809,6374.888883194225,-5.820766091346741e-11,1.0,56.0,475.72781360369845,153.351094188208,30980.5335347707
1160,690.1431140750809,6374.888883194225,-5.820766091346741e-11,1.0,56.0,475.72781360369845,153.351094188208,30981.387997878548
1161,690.118545788015,6339.209578467702,-5.820766091346741e-11,0.0,56.0,475.7278136036984,153.351094188208,29728.4897933134
1162,690.118545788015,6339.209578467702,-5.820766091346741e-11,0.0,56.0,475.7278136036984,153.351094188208,29728.410505344465
1163,690.118545788015,6339.209578467702,-5.820766091346741e-11,0.0,56.0,475.7278136036984,153.351094188208,29728.331217375533
1164,690.118545788015,6339.209578467702,-5.820766091346741e-11,0.0,56.0,475.7278136036984,153.351094188208,29728.2519294066
1165,689.9001731720392,6311.221326863133,-5.820766091346741e-11,0.0,56.0,475.87632590986675,153.45362164165005,29700.1139646842
1166,689.9001731720392,6311.221326863133,-5.820766091346741e-11,0.0,56.0,475.87632590986675,153.45362164165005,29700.034651963215
1167,689.9001731720392,6311.221326863133,-5.820766091346741e-11,0.0,56.0,475.87632590986675,153.45362164165005,29699.955339242228
1168,689.9001731720392,6311.221326863133,-5.820766091346741e-11,0.0,56.0,475.87632590986675,153.45362164165005,29699.876026521244
1169,689.900173172039,6311.221326863131,-5.820766091346741e-11,0.0,56.0,475.87632590986675,153.45362164165005,29699.796713800253
1170,689.900173172039,6311.221326863131,-5.820766091346741e-11,0.0,56.0,475.87632590986675,153.45362164165005,29699.71740107927
1171,700.3625683163633,6781.331757951411,0.0,2.0,65.0,483.67925347370965,149.41346594086144,36235.14304893247
1172,705.2873376939162,7099.165501633844,0.0,0.0,67.0,475.8763259098667,153.45362164165002,34902.89011492995
1173,691.1584101921329,6276.421011816448,0.0,1.0,61.0,475.87632590986664,153.45362164165005,32896.1211869636
1174,691.1584101921329,6276.421011816448,0.0,1.0,61.0,475.87632590986664,153.45362164165005,32896.1211869636
1175,691.1584101921329,6276.421011816448,0.0,1.0,61.0,475.87632590986664,153.45362164165005,32896.986437647276
1176,691.7441966297594,6344.754479371039,0.0,1.0,58.0,475.87632590986664,153.45362164165005,31767.63836933622
1177,691.7441966297594,6344.754479371039,0.0,1.0,58.0,475.87632590986664,153.45362164165005,31767.63836933622
1178,691.7441966297594,6344.754479371039,0.0,1.0,58.0,475.87632590986664,153.45362164165005,31768.505797463422
1179,691.7441966297594,6344.754479371039,0.0,1.0,58.0,475.87632590986664,153.45362164165005,31769.373952520018
1180,692.1584101921328,6343.256873642106,0.0,1.0,58.0,476.00379851154685,153.4252574341497,31770.039355969533
1181,692.1584101921328,6343.256873642106,0.0,1.0,58.0,476.00379851154685,153.4252574341497,31770.039355969533
1182,690.8515584652716,6358.684178555367,0.0,0.0,58.0,475.87632590986647,153.45362164165005,30547.179885412977
1183,690.8515584652716,6358.684178555367,0.0,0.0,58.0,475.87632590986647,153.45362164165005,30547.100572691994
1184,691.2657720276446,6357.186572826436,0.0,0.0,58.0,476.0037985115466,153.4252574341497,30545.94808530439
1185,691.2657720276446,6357.186572826436,0.0,0.0,58.0,476.0037985115466,153.4252574341497,30545.86875133797
1186,691.2657720276446,6357.186572826436,0.0,0.0,58.0,476.0037985115466,153.4252574341497,30545.78941737155
1187,691.2657720276446,6357.186572826436,0.0,0.0,58.0,476.0037985115466,153.4252574341497,30545.71008340513
1188,691.2657720276446,6357.186572826436,0.0,0.0,58.0,476.0037985115466,153.4252574341497,30545.630749438715
1189,691.2657720276446,6357.186572826436,0.0,0.0,58.0,476.0037985115466,153.4252574341497,30545.551415472295
1190,691.2657720276446,6357.186572826436,0.0,0.0,58.0,476.0037985115466,153.4252574341497,30545.472081505875
1191,691.2657720276446,6357.186572826436,0.0,0.0,58.0,476.0037985115466,153.4252574341497,30545.39274753946
1192,691.2657720276446,6357.186572826436,0.0,0.0,58.0,476.0037985115466,153.4252574341497,30545.31341357304
1193,691.2657720276446,6357.186572826436,0.0,0.0,58.0,476.0037985115466,153.4252574341497,30545.23407960662
1194,691.2657720276446,6357.186572826436,0.0,0.0,58.0,476.0037985115466,153.4252574341497,30545.1547456402
1195,691.2657720276446,6357.186572826436,0.0,0.0,58.0,476.0037985115466,153.4252574341497,30545.075411673784
1196,691.2657720276446,6357.186572826436,0.0,0.0,58.0,476.0037985115466,153.4252574341497,30544.996077707365
1197,691.2657720276446,6357.186572826436,0.0,0.0,58.0,476.0037985115466,153.4252574341497,30544.916743740945
1198,691.2657720276446,6357.186572826436,0.0,0.0,58.0,476.0037985115466,153.4252574341497,30544.83740977453
1199,691.2657720276446,6357.186572826436,0.0,0.0,58.0,476.0037985115466,153.4252574341497,30544.75807580811
1200,691.2657720276446,6357.186572826436,0.0,0.0,58.0,476.0037985115466,153.4252574341497,30544.67874184169
1201,693.8776557654445,5976.50663490356,0.0,1.0,60.0,478.29924180047203,146.67948987191284,32217.381394370237
1202,694.1547364539747,6326.789499053795,0.0,1.0,58.0,477.0192953411649,153.67461280620032,31775.438270832718
1203,694.1547364539747,6326.789499053795,0.0,1.0,58.0,477.0192953411649,153.67461280620032,31775.438270832718
1204,694.2005256543392,6394.497778933228,0.0,1.0,57.0,477.0192953411649,153.67461280620032,31444.96572212474
1205,694.2005256543392,6394.497778933228,0.0,1.0,57.0,477.0192953411649,153.67461280620032,31444.96572212474
1206,692.2658307269671,6284.493460054923,0.0,0.0,59.0,476.00379851154696,153.42525743414967,30872.50968397099
1207,692.2658307269671,6284.493460054923,0.0,0.0,59.0,476.00379851154696,153.42525743414967,30872.43035000457
1208,692.2658307269671,6284.493460054923,0.0,0.0,59.0,476.00379851154696,153.42525743414967,30872.351016038156
1209,692.2658307269671,6284.493460054923,0.0,0.0,59.0,476.00379851154696,153.42525743414967,30872.271682071736
1210,692.2658307269671,6284.493460054923,0.0,0.0,59.0,476.00379851154696,153.42525743414967,30872.192348105316
1211,690.9947336358033,5884.096934643217,0.0,0.0,60.0,477.283744970854,146.43013449986222,30863.831906071027
1212,691.2718143243335,6282.28158282373,0.0,0.0,58.0,476.0037985115468,153.4252574341497,30468.82778653865
1213,691.2718143243335,6282.28158282373,0.0,0.0,58.0,476.0037985115468,153.4252574341497,30468.748452572232
1214,691.2718143243335,6282.28158282373,0.0,0.0,58.0,476.0037985115468,153.4252574341497,30468.669118605812
1215,691.2718143243335,6282.28158282373,0.0,0.0,58.0,476.0037985115468,153.4252574341497,30468.589784639396
1216,691.2718143243335,6282.28158282373,0.0,0.0,58.0,476.0037985115468,153.4252574341497,30468.510450672977
1217,691.2718143243335,6282.28158282373,0.0,0.0,58.0,476.0037985115468,153.4252574341497,30468.431116706557
1218,691.2718143243335,6282.28158282373,0.0,0.0,58.0,476.0037985115468,153.4252574341497,30468.35178274014
1219,691.2718143243335,6282.28158282373,0.0,0.0,58.0,476.0037985115468,153.4252574341497,30468.27244877372
1220,691.2718143243335,6282.28158282373,0.0,0.0,58.0,476.0037985115468,153.4252574341497,30468.1931148073
1221,691.2718143243335,6282.28158282373,0.0,0.0,58.0,476.0037985115468,153.4252574341497,30468.113780840882
1222,691.2718143243335,6282.28158282373,0.0,0.0,58.0,476.0037985115468,153.4252574341497,30468.034446874466
1223,691.2718143243335,6282.281582823726,0.0,0.0,58.0,476.0037985115468,153.4252574341497,30467.955112908046
1224,691.2718143243335,6282.281582823726,0.0,0.0,58.0,476.0037985115468,153.4252574341497,30467.875778941627
1225,691.2718143243335,6282.281582823726,0.0,0.0,58.0,476.0037985115468,153.4252574341497,30467.79644497521
1226,691.2718143243335,6282.28158282373,0.0,0.0,58.0,476.0037985115468,153.4252574341497,30467.71711100879
1227,691.2718143243335,6282.28158282373,0.0,0.0,58.0,476.0037985115468,153.4252574341497,30467.63777704237
1228,691.2718143243335,6282.28158282373,0.0,0.0,58.0,476.0037985115468,153.4252574341497,30467.55844307595
1229,691.2718143243335,6282.281582823726,0.0,0.0,58.0,476.0037985115468,153.4252574341497,30467.479109109536
1230,691.2718143243335,6282.28158282373,0.0,0.0,58.0,476.0037985115468,153.4252574341497,30467.399775143116
1231,701.5517747353387,6834.763024193703,0.0,1.0,70.0,479.4022258784846,157.6102723526441,37121.45352341648
1232,698.5378653770538,7608.766117351127,0.0,0.0,66.0,476.0360802497464,151.33157015675292,34998.9075178652
1233,698.5378653770538,7608.766117351127,0.0,0.0,66.0,476.0360802497464,151.33157015675292,34998.82817851849
1234,696.9042564230593,7207.164876113633,0.0,0.0,63.0,476.00932850417337,154.21227813795866,33398.38682303105
1235,692.2658307269667,6335.164335177047,0.0,1.0,59.0,476.00379851154685,153.4252574341497,32211.01937061903
1236,691.5713623322428,6308.690409746246,0.0,1.0,59.0,475.55818972332355,154.6891232181566,32185.8950983926
1237,691.5713623322428,6308.690409746246,0.0,1.0,59.0,475.55818972332355,154.6891232181566,32185.8950983926
1238,704.4395505828805,6875.383883618395,0.0,0.0,60.0,482.71421340913224,130.24921313150102,31851.82972133726
1239,703.8422425113265,6786.375553950388,0.0,0.0,60.0,482.7197434017587,131.03623383531,31762.932274985444
1240,691.579369439143,6573.388777832999,0.0,0.0,58.0,475.36995760878847,154.70192616867214,30759.111927672726
1241,691.579369439143,6573.388777832999,0.0,0.0,58.0,475.36995760878847,154.70192616867214,30759.03269934646
1242,690.9953360208166,6284.310592255507,0.0,0.0,58.0,476.00379851154685,153.42525743414973,30468.200298674357
1243,690.9953360208166,6284.310592255507,0.0,0.0,58.0,476.00379851154685,153.42525743414973,30468.120964707938
1244,690.1006350886363,6265.804349566427,0.0,0.0,57.0,475.6042348957751,155.15112328481501,30050.249614019373
1245,690.1006350886363,6265.804349566427,0.0,0.0,57.0,475.6042348957751,155.15112328481501,30050.17034664689
1246,689.4061666939122,6238.333613904013,0.0,0.0,57.0,475.1586261075518,156.4149890688219,30023.059474698854
1247,689.4061666939123,6238.333613904013,0.0,0.0,57.0,475.1586261075518,156.4149890688219,30022.980281594504
1248,689.4061666939122,6238.333613904013,0.0,0.0,57.0,475.1586261075518,156.4149890688219,30022.901088490155
1249,689.4061666939122,6238.333613904013,0.0,0.0,57.0,475.1586261075518,156.4149890688219,30022.8218953858
1250,689.4061666939122,6238.333613904013,0.0,0.0,57.0,475.1586261075518,156.4149890688219,30022.74270228145
1251,689.4061666939123,6238.333613904013,0.0,0.0,57.0,475.15862610755187,156.4149890688219,30022.6635091771
1252,689.4061666939122,6238.333613904013,0.0,0.0,57.0,475.1586261075518,156.4149890688219,30022.58431607275
1253,689.4061666939123,6238.333613904013,0.0,0.0,57.0,475.15862610755187,156.4149890688219,30022.505122968396
1254,689.4061666939122,6238.333613904013,0.0,0.0,57.0,475.1586261075518,156.4149890688219,30022.425929864046
1255,689.4061666939122,6238.333613904013,0.0,0.0,57.0,475.1586261075518,156.4149890688219,30022.346736759693
1256,689.4061666939122,6238.333613904013,0.0,0.0,57.0,475.1586261075518,156.4149890688219,30022.267543655344
1257,689.4061666939122,6238.333613904013,0.0,0.0,57.0,475.1586261075518,156.4149890688219,30022.18835055099
1258,689.4061666939122,6238.333613904013,0.0,0.0,57.0,475.1586261075518,156.4149890688219,30022.10915744664
1259,689.4061666939122,6238.333613904013,0.0,0.0,57.0,475.1586261075518,156.4149890688219,30022.029964342288
1260,689.4061666939123,6238.333613904013,0.0,0.0,57.0,475.1586261075518,156.4149890688219,30021.950771237938
1261,693.0388524949451,6020.972992201712,0.0,1.0,59.0,479.0922354188823,155.35329270263114,31924.365823029046
1262,693.0388524949451,6020.972992201712,0.0,1.0,59.0,479.0922354188823,155.35329270263114,31924.365823029046
1263,693.0388524949451,6020.972992201712,0.0,1.0,59.0,479.0922354188823,155.35329270263114,31925.296539779698
1264,693.0388524949451,6020.972992201712,0.0,1.0,59.0,479.0922354188823,155.35329270263114,31926.228032465744
1265,693.0388524949451,6020.972992201712,0.0,1.0,59.0,479.0922354188823,155.35329270263114,31927.16030168296
1266,693.0388524949451,6020.972992201712,0.0,1.0,59.0,479.0922354188823,155.35329270263114,31928.093348027585
1267,691.4485627965536,5970.438951673495,0.0,1.0,58.0,479.0922354188823,155.35329270263114,31477.8374442597
1268,691.4485627965536,5970.438951673495,0.0,1.0,58.0,479.0922354188823,155.35329270263114,31477.8374442597
1269,691.4485627965536,5970.438951673495,0.0,1.0,58.0,479.0922354188823,155.35329270263114,31478.772825568565
1270,691.4485627965536,5970.438951673495,0.0,1.0,58.0,479.0922354188823,155.35329270263114,31479.708986394377
1271,691.4485627965536,5970.438951673495,0.0,1.0,58.0,479.0922354188823,155.35329270263114,31480.645927335663
1272,691.4485627965536,5970.438951673495,0.0,1.0,58.0,479.0922354188823,155.35329270263114,31481.583648991415
1273,691.4485627965536,5970.438951673495,0.0,1.0,58.0,479.0922354188823,155.35329270263114,31482.52215196109
1274,691.4485627965536,5970.438951673495,0.0,1.0,58.0,479.0922354188823,155.35329270263114,31483.461436844587
1275,691.4485627965536,5970.438951673495,0.0,1.0,58.0,479.0922354188823,155.35329270263114,31484.401504242283
1276,691.4485627965536,5970.438951673495,0.0,1.0,58.0,479.0922354188823,155.35329270263114,31485.342354755012
1277,691.4485627965536,5970.438951673495,0.0,1.0,58.0,479.0922354188823,155.35329270263114,31486.283988984065
1278,691.4485627965536,5970.438951673495,0.0,1.0,58.0,479.0922354188823,155.35329270263114,31487.226407531205
1279,691.4485627965536,5970.438951673495,0.0,1.0,58.0,479.0922354188823,155.35329270263114,31488.16961099864
1280,691.4485627965536,5970.438951673495,0.0,1.0,58.0,479.0922354188823,155.35329270263114,31489.11359998905
1281,691.4485627965536,5970.438951673495,0.0,1.0,58.0,479.0922354188823,155.35329270263114,31490.058375105586
1282,691.4485627965536,5970.438951673495,0.0,1.0,58.0,479.0922354188823,155.35329270263114,31491.003936951845
1283,691.4485627965536,5970.438951673495,0.0,1.0,58.0,479.0922354188823,155.35329270263114,31491.9502861319
1284,691.4485627965536,5970.438951673495,0.0,1.0,58.0,479.0922354188823,155.35329270263114,31492.897423250284
1285,691.4485627965536,5970.438951673495,0.0,1.0,58.0,479.0922354188823,155.35329270263114,31493.845348911993
1286,691.4485627965536,5970.438951673495,0.0,1.0,58.0,479.0922354188823,155.35329270263114,31494.794063722497
1287,691.4485627965536,5970.438951673495,0.0,1.0,58.0,479.0922354188823,155.35329270263114,31495.743568287708
1288,691.4485627965536,5970.438951673495,0.0,1.0,58.0,479.0922354188823,155.35329270263114,31496.693863214023
1289,688.8580410822406,5968.141345795527,0.0,0.0,61.0,477.5197242293766,160.33365515056383,31353.50575005441
1290,688.8580410822406,5968.141345795527,0.0,0.0,61.0,477.5197242293766,160.33365515056383,31353.4261634337
1291,692.0584110320136,5892.303333017019,0.0,1.0,59.0,478.84700678055725,155.81010580089608,31823.364152061265
1292,691.6441974696405,5879.869930945807,0.0,1.0,59.0,478.8172531601872,155.85339140550434,31811.505648883827
1293,691.5951521159325,6008.688564408116,0.0,0.0,58.0,479.0922354188823,155.3532927026311,30191.938750203353
1294,691.5951521159325,6008.688564408116,0.0,0.0,58.0,479.0922354188823,155.3532927026311,30191.85890149745
1295,691.5951521159325,6008.688564408116,0.0,0.0,58.0,479.0922354188823,155.3532927026311,30191.779052791546
1296,690.614710653001,5880.018905223441,0.0,0.0,58.0,478.8470067805573,155.81010580089605,30062.436271603015
1297,690.2004970906279,5867.585503152211,0.0,0.0,58.0,478.8172531601872,155.85339140550434,30049.54368867031
1298,690.2004970906279,5867.585503152211,0.0,0.0,58.0,478.8172531601872,155.85339140550434,30049.463885794783
1299,690.2004970906279,5867.58550315221,0.0,0.0,58.0,478.81725316018725,155.85339140550434,30049.384082919256
1300,690.2004970906279,5867.58550315221,0.0,0.0,58.0,478.81725316018725,155.85339140550434,30049.30428004373
1301,690.2004970906279,5867.585503152207,0.0,0.0,58.0,478.81725316018725,155.85339140550434,30049.224477168198
1302,690.2004970906279,5867.585503152208,0.0,0.0,58.0,478.8172531601872,155.85339140550434,30049.14467429267
1303,690.2004970906279,5867.585503152207,0.0,0.0,58.0,478.81725316018725,155.85339140550434,30049.064871417144
1304,690.2004970906279,5867.585503152207,0.0,0.0,58.0,478.81725316018725,155.85339140550434,30048.98506854162
1305,688.4427845516409,6969.204757798663,0.0,0.0,55.0,480.6375224316869,144.2468585662861,29937.67450100354
1306,687.0481295263363,6839.0964818645425,0.0,0.0,55.0,480.42609067011506,144.61913072089328,29806.404041710968
1307,687.0481295263363,6839.096481864546,0.0,0.0,55.0,480.42609067011506,144.61913072089328,29806.32397069586
1308,687.0481295263363,6839.0964818645425,0.0,0.0,55.0,480.42609067011506,144.61913072089328,29806.243899680743
1309,687.0481295263363,6839.0964818645425,0.0,0.0,55.0,480.42609067011506,144.61913072089328,29806.163828665634
1310,687.0481295263363,6839.096481864541,0.0,0.0,55.0,480.42609067011506,144.61913072089328,29806.08375765052
1311,687.0481295263363,6839.096481864541,0.0,0.0,55.0,480.42609067011506,144.61913072089328,29806.003686635406
1312,687.0481295263363,6839.096481864541,0.0,0.0,55.0,480.42609067011506,144.61913072089328,29805.923615620293
1313,687.0481295263363,6839.096481864541,0.0,0.0,55.0,480.42609067011506,144.61913072089328,29805.843544605184
1314,687.0481295263363,6839.096481864541,0.0,0.0,55.0,480.42609067011506,144.61913072089328,29805.763473590072
1315,687.0481295263363,6839.096481864541,0.0,0.0,55.0,480.42609067011506,144.61913072089328,29805.68340257496
1316,687.0481295263363,6839.096481864541,0.0,0.0,55.0,480.42609067011506,144.61913072089328,29805.603331559847
1317,687.0481295263363,6839.096481864541,0.0,0.0,55.0,480.42609067011506,144.61913072089328,29805.523260544735
1318,687.0481295263363,6839.096481864541,0.0,0.0,55.0,480.42609067011506,144.61913072089328,29805.443189529626
1319,687.0481295263363,6839.096481864541,0.0,0.0,55.0,480.42609067011506,144.61913072089328,29805.363118514513
1320,685.4623430887092,6827.49669380358,0.0,0.0,55.0,479.53248781932945,145.9044406328018,29793.1325741145
1321,686.9060434677219,6762.758098073055,0.0,1.0,56.0,479.5324878193295,145.90444063280182,31507.92948840929
1322,686.9060434677219,6762.758098073055,0.0,1.0,56.0,479.5324878193295,145.90444063280182,31507.92948840929
1323,691.9632641401511,6928.470066553371,0.0,0.0,58.0,482.1038871537708,139.21651237061255,31094.39787952361
1324,692.3057923210014,6983.919174477281,0.0,0.0,57.0,481.5430834771388,140.54172803947222,30751.277729489037
1325,692.3057923210014,6983.919174477281,0.0,0.0,57.0,481.5430834771388,140.54172803947222,30751.197472308457
1326,690.7200058833745,6972.319386416311,0.0,0.0,57.0,480.64948062635324,141.82703795138076,30738.96763534582
1327,690.7200058833745,6972.319386416311,0.0,0.0,57.0,480.64948062635324,141.82703795138076,30738.887527099047
1328,690.7200058833745,6972.319386416311,0.0,0.0,57.0,480.64948062635324,141.82703795138076,30738.807418852277
1329,690.7200058833745,6972.319386416311,0.0,0.0,57.0,480.64948062635324,141.82703795138076,30738.727310605504
1330,690.7200058833745,6972.319386416306,0.0,0.0,57.0,480.6494806263533,141.82703795138076,30738.64720235873
1331,690.7200058833745,6972.319386416306,0.0,0.0,57.0,480.6494806263533,141.82703795138076,30738.56709411196
1332,690.7200058833745,6972.319386416306,0.0,0.0,57.0,480.6494806263533,141.82703795138076,30738.486985865187
1333,690.7200058833745,6972.319386416306,0.0,0.0,57.0,480.6494806263533,141.82703795138076,30738.406877618418
1334,690.7200058833745,6972.319386416306,0.0,0.0,57.0,480.6494806263533,141.82703795138076,30738.326769371648
1335,690.7200058833745,6972.319386416306,0.0,0.0,57.0,480.6494806263533,141.82703795138076,30738.246661124875
1336,690.7200058833745,6972.319386416306,0.0,0.0,57.0,480.6494806263533,141.82703795138076,30738.166552878105
1337,690.7200058833745,6972.319386416306,0.0,0.0,57.0,480.6494806263533,141.82703795138076,30738.08644463133
1338,690.7200058833745,6972.319386416306,0.0,0.0,57.0,480.6494806263533,141.82703795138076,30738.006336384562
1339,690.7200058833745,6972.319386416306,0.0,0.0,57.0,480.6494806263533,141.82703795138076,30737.926228137792
1340,690.7200058833745,6972.319386416306,0.0,0.0,57.0,480.6494806263533,141.82703795138076,30737.84611989102
1341,690.7200058833745,6972.319386416308,0.0,0.0,57.0,480.64948062635324,141.82703795138076,30737.76601164425
1342,690.7200058833745,6972.319386416306,0.0,0.0,57.0,480.6494806263533,141.82703795138076,30737.68590339748
1343,690.7200058833745,6972.319386416306,0.0,0.0,57.0,480.6494806263533,141.82703795138076,30737.605795150706
1344,690.7200058833745,6972.319386416306,0.0,0.0,57.0,480.6494806263533,141.82703795138076,30737.525686903937
1345,690.7200058833745,6972.319386416306,0.0,0.0,57.0,480.6494806263533,141.82703795138076,30737.445578657163
1346,690.7200058833745,6972.319386416306,0.0,0.0,57.0,480.6494806263533,141.82703795138076,30737.365470410394
1347,690.7200058833744,6972.319386416308,0.0,0.0,57.0,480.6494806263533,141.82703795138076,30737.285362163624
1348,690.7200058833745,6972.319386416306,0.0,0.0,57.0,480.6494806263533,141.82703795138076,30737.20525391685
1349,690.7200058833745,6972.319386416304,0.0,0.0,57.0,480.64948062635324,141.82703795138076,30737.125145670077
1350,690.7200058833745,6972.319386416304,0.0,0.0,57.0,480.64948062635324,141.82703795138076,30737.045037423304
1351,691.3057923210014,7067.900767597019,0.0,0.0,57.0,480.64948062635324,141.82703795138076,30833.132096794878
1352,691.3057923210014,7067.900767597019,0.0,0.0,57.0,480.64948062635324,141.82703795138076,30833.051988548108
1353,691.3057923210014,7067.900767597019,0.0,0.0,57.0,480.64948062635324,141.82703795138076,30832.971880301335
1354,691.3057923210014,7067.900767597019,0.0,0.0,57.0,480.64948062635324,141.82703795138076,30832.891772054565
1355,691.3057923210014,7067.900767597019,0.0,0.0,57.0,480.64948062635324,141.82703795138076,30832.811663807795
1356,690.6852359260167,7049.027446319036,0.0,0.0,55.0,480.4938215039177,141.91752140518352,30013.28551074231
1357,690.6852359260167,7049.027446319036,0.0,0.0,55.0,480.4938215039177,141.91752140518352,30013.205428438723
1358,690.6852359260167,7049.027446319036,0.0,0.0,55.0,480.4938215039177,141.91752140518352,30013.12534613514
1359,690.6852359260167,7049.027446319036,0.0,0.0,55.0,480.4938215039177,141.91752140518352,30013.045263831555
1360,690.6852359260165,7049.027446319033,0.0,0.0,55.0,480.4938215039177,141.91752140518352,30012.96518152797
1361,690.6852359260165,7049.027446319033,0.0,0.0,55.0,480.4938215039177,141.91752140518352,30012.885099224386
1362,690.6852359260163,7049.027446319029,0.0,0.0,55.0,480.4938215039177,141.91752140518352,30012.805016920796
1363,690.6852359260163,7049.027446319029,0.0,0.0,55.0,480.4938215039177,141.91752140518352,30012.724934617214
1364,690.6852359260163,7049.027446319029,0.0,0.0,55.0,480.4938215039177,141.91752140518352,30012.644852313628
1365,690.6852359260163,7049.027446319029,0.0,0.0,55.0,480.4938215039177,141.91752140518352,30012.564770010045
1366,690.6852359260163,7049.027446319029,0.0,0.0,55.0,480.4938215039177,141.91752140518352,30012.48468770646
1367,690.6852359260163,7049.027446319029,0.0,0.0,55.0,480.4938215039177,141.91752140518352,30012.404605402877
1368,690.6852359260163,7049.027446319029,0.0,0.0,55.0,480.4938215039177,141.91752140518352,30012.324523099294
1369,690.6852359260165,7036.6218131135865,0.0,0.0,55.0,480.4938215039176,141.91752140518352,29999.838807590266
1370,690.6852359260165,7036.6218131135865,0.0,0.0,55.0,480.4938215039176,141.91752140518352,29999.758725286683
1371,689.8905885177942,7045.347870735697,0.0,0.0,54.0,480.49382150391756,141.91752140518355,29607.610053196986
1372,689.8905885177942,7045.347870735697,0.0,0.0,54.0,480.49382150391756,141.91752140518355,29607.529970893404
1373,689.8905885177942,7045.347870735697,0.0,0.0,54.0,480.49382150391756,141.91752140518355,29607.44988858982
1374,689.8905885177942,7045.347870735697,0.0,0.0,54.0,480.49382150391756,141.91752140518355,29607.369806286235
1375,689.8905885177942,7045.347870735697,0.0,0.0,54.0,480.49382150391756,141.91752140518355,29607.289723982653
1376,689.8905885177942,7045.347870735697,0.0,0.0,54.0,480.49382150391756,141.91752140518355,29607.209641679066
1377,689.8905885177942,7045.347870735697,0.0,0.0,54.0,480.49382150391756,141.91752140518355,29607.129559375484
1378,689.8905885177942,7045.347870735697,0.0,0.0,54.0,480.49382150391756,141.91752140518355,29607.049477071898
1379,689.8905885177942,7045.347870735697,0.0,0.0,54.0,480.49382150391756,141.91752140518355,29606.969394768315
1380,689.8905885177942,7045.347870735697,0.0,0.0,54.0,480.49382150391756,141.91752140518355,29606.889312464733
1381,694.1154061807775,7502.264990947445,0.0,1.0,67.0,480.4938215039176,141.91752140518355,36711.0741324446
1382,695.7064319141572,8234.20940492576,0.0,0.0,68.0,478.40515569607146,138.16766815522993,36397.09342864785
1383,713.065718838547,7961.352008010976,0.0,0.0,62.0,495.9522356967989,108.96776131125414,33717.044615681065
1384,710.0304387878696,8135.2502534856985,0.0,0.0,58.0,491.47819285237745,118.16242692306845,32295.81457913821
1385,710.0304387878696,8135.2502534856985,0.0,0.0,58.0,491.47819285237745,118.16242692306845,32295.73266610607
1386,692.5389337154946,8069.719111879195,0.0,0.0,55.0,480.4938215039176,141.91752140518355,31033.428404984425
1387,692.5389337154946,8069.719111879195,0.0,0.0,55.0,480.4938215039176,141.91752140518355,31033.348322680842
1388,692.843718089634,7454.969784617505,0.0,0.0,56.0,480.4938215039176,141.91752140518352,30818.823697489708
1389,692.843718089634,7454.969784617505,0.0,0.0,56.0,480.4938215039176,141.91752140518352,30818.743615186126
1390,692.843718089634,7454.969784617505,0.0,0.0,56.0,480.4938215039176,141.91752140518352,30818.66353288254
1391,693.4427634205448,7168.425065564359,0.0,0.0,55.0,481.5407004379516,140.37270335009927,30131.37369683578
1392,693.4427634205448,7168.425065564359,0.0,0.0,55.0,481.5407004379516,140.37270335009927,30131.293440052374
1393,693.4427634205448,7168.425065564359,0.0,0.0,55.0,481.5407004379516,140.37270335009927,30131.213183268967
1394,693.4427634205448,7168.425065564359,0.0,0.0,55.0,481.5407004379516,140.37270335009927,30131.132926485563
1395,693.4427634205449,7168.425065564357,0.0,0.0,55.0,481.5407004379516,140.37270335009927,30131.052669702152
1396,693.4427634205452,7156.019432358916,0.0,0.0,55.0,481.5407004379516,140.37270335009927,30118.566779713303
1397,693.4427634205452,7156.019432358916,0.0,0.0,55.0,481.5407004379516,140.37270335009927,30118.486522929896
1398,693.4427634205452,7156.019432358916,0.0,0.0,55.0,481.5407004379516,140.37270335009927,30118.40626614649
1399,693.4427634205452,7156.019432358916,0.0,0.0,55.0,481.5407004379516,140.37270335009927,30118.326009363085
1400,693.4427634205452,7156.019432358916,0.0,0.0,55.0,481.5407004379516,140.37270335009927,30118.245752579678
1401,693.4427634205452,7156.019432358916,0.0,0.0,55.0,481.5407004379516,140.37270335009927,30118.16549579627
1402,693.4427634205452,7156.019432358916,0.0,0.0,55.0,481.5407004379516,140.37270335009927,30118.085239012864
1403,693.4427634205452,7156.019432358916,0.0,0.0,55.0,481.5407004379516,140.37270335009927,30118.004982229457
1404,693.4427634205452,7156.019432358916,0.0,0.0,55.0,481.5407004379516,140.37270335009927,30117.924725446053
1405,693.4427634205452,7156.019432358916,0.0,0.0,55.0,481.5407004379516,140.37270335009927,30117.844468662646
1406,693.4427634205452,7156.019432358916,0.0,0.0,55.0,481.5407004379516,140.37270335009927,30117.76421187924
1407,693.4427634205452,7156.019432358916,0.0,0.0,55.0,481.5407004379516,140.37270335009927,30117.683955095832
1408,693.4427634205452,7156.019432358916,0.0,0.0,55.0,481.5407004379516,140.37270335009927,30117.60369831243
1409,693.4427634205452,7156.019432358916,0.0,0.0,55.0,481.5407004379516,140.37270335009927,30117.52344152902
1410,693.4427634205452,7156.019432358916,0.0,0.0,55.0,481.5407004379516,140.37270335009927,30117.443184745614
1411,676.0489207849059,5761.429061986463,0.0,0.0,59.0,464.1166576167497,153.0827305419939,30313.474274805532
1412,676.0489207849059,5761.429061986463,0.0,0.0,59.0,464.1166576167497,153.0827305419939,30313.474274805532
1413,676.0489207849059,5761.429061986463,0.0,0.0,59.0,464.1166576167497,153.0827305419939,30313.396922029264
1414,676.0489207849059,5761.429061986463,0.0,0.0,59.0,464.1166576167497,153.0827305419939,30313.319569252995
1415,676.0489207849059,5761.429061986463,0.0,0.0,59.0,464.1166576167497,153.0827305419939,30313.164863700455
1416,676.0489207849059,5761.429061986463,0.0,0.0,59.0,464.1166576167497,153.0827305419939,30313.087510924186
1417,676.0489207849059,5761.429061986463,0.0,0.0,59.0,464.1166576167497,153.0827305419939,30313.010158147918
1418,676.0489207849059,5761.429061986463,0.0,0.0,59.0,464.1166576167497,153.0827305419939,30312.932805371645
1419,676.0489207849059,5761.429061986463,0.0,0.0,59.0,464.1166576167497,153.0827305419939,30312.855452595377
1420,676.0489207849059,5761.429061986463,0.0,0.0,59.0,464.1166576167497,153.0827305419939,30312.77809981911
1421,676.0489207849059,5761.429061986463,0.0,0.0,59.0,464.1166576167497,153.0827305419939,30312.70074704284
1422,676.048920784906,5761.4290619864605,0.0,0.0,59.0,464.1166576167497,153.0827305419939,30312.623394266564
1423,676.048920784906,5761.4290619864605,0.0,0.0,59.0,464.1166576167497,153.0827305419939,30312.546041490295
1424,676.048920784906,5761.4290619864605,0.0,0.0,59.0,464.1166576167497,153.0827305419939,30312.468688714027
1425,676.048920784906,5761.4290619864605,0.0,0.0,59.0,464.1166576167497,153.0827305419939,30312.39133593776
1426,676.0489207849058,5750.0436218216355,0.0,0.0,59.0,464.1166576167497,153.0827305419939,30300.928542996662
1427,676.0489207849058,5750.0436218216355,0.0,0.0,59.0,464.1166576167497,153.0827305419939,30300.851190220394
1428,676.0489207849058,5750.0436218216355,0.0,0.0,59.0,464.1166576167497,153.0827305419939,30300.773837444125
1429,676.0489207849058,5750.0436218216355,0.0,0.0,59.0,464.1166576167497,153.0827305419939,30300.696484667857
1430,676.0489207849058,5750.0436218216355,0.0,0.0,59.0,464.1166576167497,153.0827305419939,30300.619131891584
1431,676.0489207849058,5750.0436218216355,0.0,0.0,59.0,464.1166576167497,153.0827305419939,30300.541779115316
1432,676.0489207849058,5750.0436218216355,0.0,0.0,59.0,464.1166576167497,153.0827305419939,30300.464426339047
1433,676.0489207849058,5750.0436218216355,0.0,0.0,59.0,464.1166576167497,153.0827305419939,30300.387073562775
1434,676.0489207849058,5750.0436218216355,0.0,0.0,59.0,464.1166576167497,153.0827305419939,30300.309720786507
1435,676.0489207849058,5750.0436218216355,0.0,0.0,59.0,464.1166576167497,153.0827305419939,30300.232368010238
1436,674.2417154540049,5726.916845930722,0.0,0.0,59.0,462.77956164669183,150.75945737029906,30272.54922449093
1437,674.2417154540049,5726.916845930722,0.0,0.0,59.0,462.77956164669183,150.75945737029906,30272.47209456399
1438,674.2417154540049,5726.916845930722,0.0,0.0,59.0,462.77956164669183,150.75945737029906,30272.39496463705
1439,674.2417154540049,5726.916845930722,0.0,0.0,59.0,462.77956164669183,150.75945737029906,30272.317834710106
1440,674.2417154540049,5726.916845930722,0.0,0.0,59.0,462.77956164669183,150.75945737029906,30272.240704783166
1441,674.241715454005,5738.302286095551,0.0,0.0,59.0,462.7795616466919,150.75945737029906,30283.549015021053
1442,675.2329557760547,5754.7994511092975,0.0,0.0,56.0,463.4159773064514,143.03118341514104,29093.397272407732
1443,675.2329557760547,5754.7994511092975,0.0,0.0,56.0,463.4159773064514,143.03118341514104,29093.320036411515
1444,675.2329557760547,5754.7994511092975,0.0,0.0,56.0,463.4159773064514,143.03118341514104,29093.242800415297
1445,675.2329557760547,5754.7994511092975,0.0,0.0,56.0,463.4159773064514,143.03118341514104,29093.16556441908
1446,675.2329557760547,5754.799451109294,0.0,0.0,56.0,463.4159773064514,143.03118341514104,29093.08832842286
1447,675.2329557760547,5754.799451109294,0.0,0.0,56.0,463.4159773064514,143.03118341514104,29093.01109242664
1448,675.2329557760547,5754.799451109294,0.0,0.0,56.0,463.4159773064514,143.03118341514104,29092.933856430423
1449,675.2329557760547,5754.799451109294,0.0,0.0,56.0,463.4159773064514,143.03118341514104,29092.856620434206
1450,675.2329557760547,5754.799451109294,0.0,0.0,56.0,463.4159773064514,143.03118341514104,29092.77938443799
1451,675.2329557760547,5754.799451109294,0.0,0.0,56.0,463.4159773064514,143.03118341514104,29092.70214844177
1452,675.2329557760547,5754.799451109294,0.0,0.0,56.0,463.4159773064514,143.03118341514104,29092.624912445553
1453,675.2329557760547,5754.799451109294,0.0,0.0,56.0,463.4159773064514,143.03118341514104,29092.547676449336
1454,675.2329557760547,5754.799451109294,0.0,0.0,56.0,463.4159773064514,143.03118341514104,29092.47044045312
1455,675.2329557760547,5754.799451109294,0.0,0.0,56.0,463.4159773064514,143.03118341514104,29092.393204456897
1456,672.8898100255473,5650.905978546149,0.0,0.0,56.0,463.63437650812114,142.5525661905083,28985.65693431696
1457,672.3040235879205,5623.666402646675,0.0,0.0,56.0,463.4159773064514,143.03118341514104,28958.17675181371
1458,672.3040235879205,5623.666402646675,0.0,0.0,56.0,463.4159773064514,143.03118341514104,28958.099515817492
1459,671.7182371502932,5586.475579435088,0.0,0.0,56.0,463.41597730645145,143.03118341514102,28920.24567017206
1460,671.7182371502932,5586.475579435088,0.0,0.0,56.0,463.41597730645145,143.03118341514102,28920.16843417584
1461,671.7182371502932,5586.475579435088,0.0,0.0,56.0,463.41597730645145,143.03118341514102,28920.091198179623
1462,671.7182371502932,5586.475579435088,0.0,0.0,56.0,463.41597730645145,143.03118341514102,28920.013962183406
1463,671.7182371502932,5586.475579435088,0.0,0.0,56.0,463.41597730645145,143.03118341514102,28919.93672618719
1464,671.7182371502932,5586.475579435088,0.0,0.0,56.0,463.41597730645145,143.03118341514102,28919.85949019097
1465,671.7182371502932,5586.475579435088,0.0,0.0,56.0,463.41597730645145,143.03118341514102,28919.782254194753
1466,671.7182371502932,5586.475579435088,0.0,0.0,56.0,463.41597730645145,143.03118341514102,28919.705018198536
1467,670.4007012617109,5560.408976505975,0.0,0.0,56.0,461.57898904674823,143.13319633086806,28891.8763058
1468,670.4007012617109,5560.408976505975,0.0,0.0,56.0,461.57898904674823,143.13319633086806,28891.799375968494
1469,670.745751564216,5319.144403027356,0.0,0.0,56.0,460.9270727136968,148.115379283585,28655.618758595938
1470,670.745751564216,5319.144403027356,0.0,0.0,56.0,460.9270727136968,148.115379283585,28655.618758595938
1471,670.0140021132605,5327.3568235317725,0.0,0.0,56.0,459.0900844539936,148.21739219931212,28662.57967436604
1472,670.0140021132605,5327.356823531772,0.0,0.0,56.0,459.09008445399354,148.21739219931212,28662.503159351963
1473,670.0140021132605,5327.3568235317725,0.0,0.0,56.0,459.0900844539936,148.21739219931212,28662.426644337887
1474,670.0140021132604,5327.356823531772,0.0,0.0,56.0,459.09008445399365,148.2173921993121,28662.35012932381
1475,670.0140021132604,5327.356823531769,0.0,0.0,56.0,459.0900844539936,148.21739219931212,28662.27361430973
1476,670.0140021132604,5327.35682353177,0.0,0.0,56.0,459.09008445399354,148.21739219931212,28662.197099295656
1477,670.0140021132604,5327.356823531769,0.0,0.0,56.0,459.0900844539936,148.21739219931212,28662.12058428158
1478,670.0140021132604,5327.356823531769,0.0,0.0,56.0,459.0900844539935,148.2173921993121,28662.044069267504
1479,670.0140021132604,5327.356823531769,0.0,0.0,56.0,459.0900844539936,148.21739219931212,28661.96755425343
1480,670.0140021132604,5327.356823531769,0.0,0.0,56.0,459.0900844539936,148.21739219931212,28661.891039239355
1481,670.0140021132604,5327.35682353177,0.0,0.0,56.0,459.09008445399354,148.21739219931212,28661.81452422528
1482,669.5175306834981,5281.637835860597,0.0,0.0,56.0,458.5910444271069,146.23640308550605,28613.41530386966
1483,669.5175306834981,5281.637835860597,0.0,0.0,56.0,458.5910444271069,146.23640308550605,28613.41530386966
1484,669.517530683498,5281.637835860593,0.0,0.0,56.0,458.59104442710697,146.23640308550605,28613.26244018818
1485,669.517530683498,5281.637835860593,0.0,0.0,56.0,458.59104442710685,146.23640308550603,28613.186008347442
1486,669.517530683498,5281.637835860593,0.0,0.0,56.0,458.59104442710685,146.23640308550603,28613.109576506704
1487,669.517530683498,5281.637835860593,0.0,0.0,56.0,458.59104442710685,146.23640308550603,28613.033144665966
1488,669.517530683498,5281.637835860593,0.0,0.0,56.0,458.59104442710697,146.23640308550605,28612.956712825227
1489,669.517530683498,5281.637835860593,0.0,0.0,56.0,458.59104442710685,146.23640308550603,28612.88028098449
1490,669.517530683498,5281.637835860593,0.0,0.0,56.0,458.59104442710697,146.23640308550605,28612.80384914375
1491,669.517530683498,5281.637835860593,0.0,0.0,56.0,458.59104442710697,146.23640308550605,28612.727417303016
1492,669.5175306834981,5281.637835860592,0.0,0.0,56.0,458.591044427107,146.23640308550605,28612.650985462275
1493,669.517530683498,5281.637835860593,0.0,0.0,56.0,458.59104442710697,146.23640308550605,28612.57455362154
1494,669.517530683498,5281.637835860593,0.0,0.0,56.0,458.59104442710697,146.23640308550605,28612.4981217808
1495,686.9695186605517,5263.468434854118,0.0,0.0,56.0,467.8158030471079,134.33327411145052,28602.115024890434
1496,668.9723092859557,5186.35430650915,0.0,0.0,55.0,458.4377650721738,146.49591566197125,28116.737597901836
1497,668.9723092859557,5186.35430650915,0.0,0.0,55.0,458.4377650721738,146.49591566197125,28116.661191607658
1498,668.9723092859557,5186.35430650915,0.0,0.0,55.0,458.4377650721738,146.49591566197125,28116.584785313476
1499,666.827049908282,5209.419910647197,0.0,0.0,54.0,458.3212371350329,146.2539066188313,27737.157563330926
1500,667.5282813330881,5169.5611779577275,0.0,0.0,54.0,458.3212371350329,146.2539066188313,27697.923675193408
1501,669.1228756581936,5189.028807198884,0.0,0.0,56.0,458.4377650721738,146.49591566197125,28519.180633492913
1502,666.8270499082822,5209.419910647204,0.0,0.0,54.0,458.3212371350329,146.2539066188313,27736.928402712365
1503,666.8270499082822,5209.419910647204,0.0,0.0,54.0,458.3212371350329,146.2539066188313,27736.85201583951
1504,666.8270499082822,5209.4199106472015,0.0,0.0,54.0,458.3212371350329,146.2539066188313,27736.77562896665
1505,666.8270499082822,5209.4199106472015,0.0,0.0,54.0,458.3212371350329,146.2539066188313,27736.699242093797
1506,666.8270499082822,5209.4199106472015,0.0,0.0,54.0,458.3212371350329,146.2539066188313,27736.62285522094
1507,666.8270499082822,5209.4199106472015,0.0,0.0,54.0,458.3212371350329,146.2539066188313,27736.546468348082
1508,666.8270499082822,5209.4199106472015,0.0,0.0,54.0,458.3212371350329,146.2539066188313,27736.47008147523
1509,666.8270499082822,5209.4199106472015,0.0,0.0,54.0,458.3212371350329,146.2539066188313,27736.39369460237
1510,666.8270499082822,5209.4199106472015,0.0,0.0,54.0,458.3212371350329,146.2539066188313,27736.317307729518
1511,666.8270499082822,5209.4199106472015,0.0,0.0,54.0,458.3212371350329,146.2539066188313,27736.24092085666
1512,665.5266630477648,5235.428020063374,0.0,0.0,53.0,458.32123713503296,146.2539066188313,27360.872256539456
1513,665.5266630477648,5235.428020063374,0.0,0.0,53.0,458.32123713503296,146.2539066188313,27360.795869666603
1514,665.5266630477648,5235.428020063374,0.0,0.0,53.0,458.32123713503296,146.2539066188313,27360.719482793746
1515,665.5266630477648,5235.428020063374,0.0,0.0,53.0,458.32123713503296,146.2539066188313,27360.64309592089
1516,665.5266630477648,5235.428020063374,0.0,0.0,53.0,458.32123713503296,146.2539066188313,27360.566709048035
1517,665.5266630477648,5235.428020063374,0.0,0.0,53.0,458.32123713503296,146.2539066188313,27360.490322175177
1518,665.5266630477648,5235.428020063374,0.0,0.0,53.0,458.32123713503296,146.2539066188313,27360.413935302324
1519,665.5266630477648,5235.428020063374,0.0,0.0,53.0,458.32123713503296,146.2539066188313,27360.337548429467
1520,665.5266630477648,5235.428020063374,0.0,0.0,53.0,458.32123713503296,146.2539066188313,27360.26116155661
1521,665.5266630477648,5235.428020063374,0.0,0.0,53.0,458.32123713503296,146.2539066188313,27360.184774683756
1522,665.5266630477648,5235.428020063374,0.0,0.0,53.0,458.32123713503296,146.2539066188313,27360.1083878109
1523,665.5266630477648,5235.428020063374,0.0,0.0,53.0,458.32123713503296,146.2539066188313,27360.032000938045
1524,665.5266630477648,5235.428020063374,0.0,0.0,53.0,458.32123713503296,146.2539066188313,27359.955614065188
1525,665.5266630477648,5235.428020063374,0.0,0.0,53.0,458.32123713503296,146.2539066188313,27359.87922719233
1526,665.5266630477648,5235.428020063374,0.0,0.0,53.0,458.32123713503296,146.2539066188313,27359.802840319477
1527,665.5266630477648,5235.428020063374,0.0,0.0,53.0,458.32123713503296,146.2539066188313,27359.72645344662
1528,665.5266630477648,5235.428020063374,0.0,0.0,53.0,458.32123713503296,146.2539066188313,27359.650066573766
1529,665.5266630477648,5235.428020063374,0.0,0.0,53.0,458.32123713503296,146.2539066188313,27359.57367970091
1530,665.5266630477648,5235.428020063374,0.0,0.0,53.0,458.32123713503296,146.2539066188313,27359.49729282805
1531,667.6554770330283,5332.448376124016,0.0,1.0,55.0,458.3212371350329,146.2539066188313,29758.570076001106
1532,667.6554770330283,5332.448376124016,0.0,1.0,55.0,458.3212371350329,146.2539066188313,29758.49368912825
1533,667.6554770330283,5332.448376124016,0.0,1.0,55.0,458.3212371350329,146.2539066188313,29758.41730225539
1534,667.6554770330283,5332.448376124016,0.0,1.0,55.0,458.3212371350329,146.2539066188313,29758.340915382538
1535,667.6554770330283,5332.448376124016,0.0,1.0,55.0,458.3212371350329,146.2539066188313,29758.26452850968
1536,667.6554770330283,5332.448376124016,0.0,1.0,55.0,458.3212371350329,146.2539066188313,29758.188141636827
1537,667.6554770330283,5332.448376124016,0.0,1.0,55.0,458.3212371350329,146.2539066188313,29758.11175476397
1538,666.4201190270861,5385.350832943571,1.1641532182693481e-10,0.0,54.0,458.32123713503296,146.2539066188313,27909.70246670484
1539,666.4201190270861,5385.350832943571,1.1641532182693481e-10,0.0,54.0,458.32123713503296,146.2539066188313,27909.626079831985
1540,666.4201190270861,5385.350832943571,1.1641532182693481e-10,0.0,54.0,458.32123713503296,146.2539066188313,27909.549692959128
1541,667.3295756649989,5384.296767318731,1.1641532182693481e-10,0.0,54.0,459.013375638723,145.73575067186948,27908.9788461652
1542,667.3295756649989,5384.296767318731,1.1641532182693481e-10,0.0,54.0,459.013375638723,145.73575067186948,27908.902343935926
1543,667.3295756649989,5384.296767318731,1.1641532182693481e-10,0.0,54.0,459.013375638723,145.73575067186948,27908.825841706654
1544,667.3295756649989,5384.2967673187295,1.1641532182693481e-10,0.0,54.0,459.0133756387229,145.73575067186948,27908.749339477377
1545,667.3295756649989,5384.2967673187295,1.1641532182693481e-10,0.0,54.0,459.0133756387229,145.73575067186948,27908.672837248105
1546,667.3295756649987,5384.29676731873,1.1641532182693481e-10,0.0,54.0,459.013375638723,145.73575067186948,27908.59633501883
1547,667.3295756649989,5384.2967673187295,1.1641532182693481e-10,0.0,54.0,459.0133756387229,145.73575067186948,27908.519832789556
1548,667.3295756649987,5384.29676731873,1.1641532182693481e-10,0.0,54.0,459.013375638723,145.73575067186948,27908.443330560283
1549,667.3295756649987,5384.29676731873,1.1641532182693481e-10,0.0,54.0,459.013375638723,145.73575067186948,27908.36682833101
1550,667.3295756649989,5384.2967673187295,1.1641532182693481e-10,0.0,54.0,459.0133756387229,145.73575067186948,27908.290326101738
1551,667.3295756649987,5384.29676731873,1.1641532182693481e-10,0.0,54.0,459.013375638723,145.73575067186948,27908.213823872466
1552,667.4383830607102,5381.37493625396,1.1641532182693481e-10,0.0,54.0,459.0133756387229,145.73575067186948,27905.324297974134
1553,667.4383830607102,5381.37493625396,1.1641532182693481e-10,0.0,54.0,459.0133756387229,145.73575067186948,27905.24779574486
1554,667.4383830607102,5381.37493625396,1.1641532182693481e-10,0.0,54.0,459.0133756387229,145.73575067186948,27905.17129351559
1555,667.4383830607102,5381.37493625396,1.1641532182693481e-10,0.0,54.0,459.0133756387229,145.73575067186948,27905.094791286316
1556,667.4383830607102,5381.37493625396,1.1641532182693481e-10,0.0,54.0,459.0133756387229,145.73575067186948,27905.018289057043
1557,667.4383830607102,5381.37493625396,1.1641532182693481e-10,0.0,54.0,459.0133756387229,145.73575067186948,27904.94178682777
1558,667.4383830607102,5381.37493625396,1.1641532182693481e-10,0.0,54.0,459.0133756387229,145.73575067186948,27904.865284598498
1559,667.4383830607102,5381.37493625396,1.1641532182693481e-10,0.0,54.0,459.0133756387229,145.73575067186948,27904.78878236922
1560,667.4383830607102,5381.37493625396,1.1641532182693481e-10,0.0,54.0,459.0133756387229,145.73575067186948,27904.71228013995
1561,668.5649336709412,5331.394310499177,0.0,1.0,55.0,459.0133756387229,145.73575067186948,29755.781702766006
1562,668.5649336709412,5331.394310499177,0.0,1.0,55.0,459.0133756387229,145.73575067186948,29755.705200536733
1563,668.5649336709412,5331.394310499177,0.0,1.0,55.0,459.0133756387229,145.73575067186948,29755.62869830746
1564,668.5649336709412,5331.394310499177,0.0,1.0,55.0,459.0133756387229,145.73575067186948,29755.552196078188
1565,668.5649336709412,5331.394310499177,0.0,1.0,55.0,459.0133756387229,145.73575067186948,29755.475693848915
1566,668.5649336709411,5331.394310499173,0.0,1.0,55.0,459.0133756387229,145.73575067186948,29755.399191619636
1567,668.5649336709411,5331.394310499173,0.0,1.0,55.0,459.0133756387229,145.73575067186948,29755.322689390363
1568,668.5649336709411,5331.394310499173,0.0,1.0,55.0,459.0133756387229,145.73575067186948,29755.24618716109
1569,668.5649336709411,5331.394310499173,0.0,1.0,55.0,459.0133756387229,145.73575067186948,29755.169684931818
1570,668.5649336709411,5331.394310499173,0.0,1.0,55.0,459.0133756387229,145.73575067186948,29755.093182702545
1571,668.5649336709411,5331.394310499173,0.0,1.0,55.0,459.0133756387229,145.73575067186948,29755.016680473273
1572,668.5649336709411,5331.394310499173,0.0,1.0,55.0,459.0133756387229,145.73575067186948,29754.940178244
1573,667.7365065461948,5330.654242127355,0.0,0.0,55.0,459.01337563872283,145.73575067186948,28253.29518051816
1574,667.7365065461948,5330.654242127355,0.0,0.0,55.0,459.01337563872283,145.73575067186948,28253.218678288886
1575,667.7365065461948,5330.654242127355,0.0,0.0,55.0,459.01337563872283,145.73575067186948,28253.142176059613
1576,667.7365065461948,5330.654242127355,0.0,0.0,55.0,459.01337563872283,145.73575067186948,28253.06567383034
1577,667.7365065461948,5330.654242127355,0.0,0.0,55.0,459.01337563872283,145.73575067186948,28252.989171601068
1578,665.4805491941879,5372.233643620796,0.0,0.0,54.0,458.49962747277914,145.5309675584447,27891.909572084474
1579,665.4805491941879,5372.233643620796,0.0,0.0,54.0,458.49962747277914,145.5309675584447,27891.833155479897
1580,665.4805491941879,5372.233643620796,0.0,0.0,54.0,458.49962747277914,145.5309675584447,27891.756738875316
1581,667.6328595746985,5269.755643886239,0.0,0.0,53.0,458.93193675963823,145.83317600943877,27391.75908251403
1582,667.6328595746985,5269.755643886239,0.0,0.0,53.0,458.93193675963823,145.83317600943877,27391.682593857902
1583,667.6328595746985,5269.755643886239,0.0,0.0,53.0,458.93193675963823,145.83317600943877,27391.682593857902
1584,665.3769022226916,5311.335045379681,0.0,0.0,52.0,458.41818859369454,145.628392896014,27030.5270330065
1585,665.3769022226916,5311.335045379681,0.0,0.0,52.0,458.41818859369454,145.628392896014,27030.45062997507
1586,665.3769022226915,5311.335045379678,0.0,0.0,52.0,458.41818859369454,145.628392896014,27030.37422694363
1587,665.3769022226915,5311.335045379678,0.0,0.0,52.0,458.41818859369454,145.628392896014,27030.2978239122
1588,665.3769022226915,5311.335045379678,0.0,0.0,52.0,458.41818859369454,145.628392896014,27030.221420880767
1589,665.3769022226915,5311.335045379678,0.0,0.0,52.0,458.41818859369454,145.628392896014,27030.145017849336
1590,665.3769022226915,5311.335045379678,0.0,0.0,52.0,458.41818859369454,145.628392896014,27030.0686148179
1591,667.766647065666,5377.621226408444,0.0,1.0,53.0,458.41818859369465,145.62839289601402,28998.66813765821
1592,668.954943485594,5417.672254720829,0.0,0.0,54.0,458.30685204704633,144.71605832831662,27938.89259781511
1593,668.954943485594,5417.672254720829,0.0,0.0,54.0,458.30685204704633,144.71605832831662,27938.816213339767
1594,668.954943485594,5417.672254720829,0.0,0.0,54.0,458.30685204704633,144.71605832831662,27938.739828864425
1595,668.954943485594,5417.672254720829,0.0,0.0,54.0,458.30685204704633,144.71605832831662,27938.663444389087
1596,670.1385823828696,5414.374525643654,0.0,0.0,54.0,459.8585147848992,141.55492038475126,27933.67492087094
1597,670.1385823828696,5414.374525643654,0.0,0.0,54.0,459.8585147848992,141.55492038475126,27933.598277785142
1598,670.1385823828696,5414.374525643654,0.0,0.0,54.0,459.8585147848992,141.55492038475126,27933.521634699347
1599,670.1385823828696,5414.374525643654,0.0,0.0,54.0,459.8585147848992,141.55492038475126,27933.44499161355
1600,670.1385823828696,5414.374525643654,0.0,0.0,54.0,459.8585147848992,141.55492038475126,27933.36834852775
1601,670.1385823828696,5414.374525643654,0.0,0.0,54.0,459.8585147848992,141.55492038475126,27933.291705441952
1602,671.0473391318761,5635.743874349985,0.0,0.0,53.0,461.4001097263815,139.80895028732834,27754.106389335437
1603,671.0473391318761,5635.743874349985,0.0,0.0,53.0,461.4001097263815,139.80895028732834,27754.106389335437
1604,671.0473391318761,5635.743874349985,0.0,0.0,53.0,461.4001097263815,139.80895028732834,27753.952589298864
1605,671.0473391318761,5635.743874349985,0.0,0.0,53.0,461.4001097263815,139.80895028732834,27753.875689280576
1606,671.0473391318761,5635.743874349985,0.0,0.0,53.0,461.4001097263815,139.80895028732834,27753.798789262288
1607,671.0473391318761,5635.743874349985,0.0,0.0,53.0,461.4001097263815,139.80895028732834,27753.721889244
1608,671.0473391318761,5635.743874349985,0.0,0.0,53.0,461.4001097263815,139.80895028732834,27753.64498922571
1609,671.0473391318761,5635.743874349985,0.0,0.0,53.0,461.4001097263815,139.80895028732834,27753.568089207423
1610,671.0473391318761,5635.743874349985,0.0,0.0,53.0,461.4001097263815,139.80895028732834,27753.491189189135
1611,671.0473391318761,5635.743874349985,0.0,0.0,53.0,461.4001097263815,139.80895028732834,27753.41428917085
1612,671.0473391318761,5635.743874349985,0.0,0.0,53.0,461.4001097263815,139.80895028732834,27753.337389152563
1613,671.0473391318761,5635.743874349985,0.0,0.0,53.0,461.4001097263815,139.80895028732834,27753.260489134274
1614,672.4187626031531,5409.458925563929,0.0,0.0,53.0,461.8819256237557,139.14451723693702,27527.71693022311
1615,672.4187626031531,5409.458925563929,0.0,0.0,53.0,461.8819256237557,139.14451723693702,27527.63994990217
1616,672.4187626031531,5409.458925563929,0.0,0.0,53.0,461.8819256237557,139.14451723693702,27527.562969581235
1617,672.4187626031531,5409.458925563929,0.0,0.0,53.0,461.8819256237557,139.14451723693702,27527.485989260294
1618,672.4187626031531,5409.458925563929,0.0,0.0,53.0,461.8819256237557,139.14451723693702,27527.409008939358
1619,672.4187626031531,5409.458925563929,0.0,0.0,53.0,461.8819256237557,139.14451723693702,27527.33202861842
1620,674.9462751272056,5404.912022761188,0.0,0.0,53.0,461.9794652581411,129.49523276095147,27515.608807658715
1621,671.4996033380546,5373.619132390116,0.0,0.0,61.0,461.9794652581411,129.4952327609515,30680.79224892095
1622,671.4996033380546,5373.619132390116,0.0,0.0,61.0,461.9794652581411,129.4952327609515,30680.715252343405
1623,671.4996033380545,5373.619132390116,0.0,0.0,61.0,461.9794652581411,129.49523276095147,30680.638255765865
1624,671.4996033380545,5373.619132390116,0.0,0.0,61.0,461.9794652581411,129.49523276095147,30680.561259188322
1625,671.4996033380545,5373.619132390116,0.0,0.0,61.0,461.9794652581411,129.49523276095147,30680.48426261078
1626,671.4996033380546,5373.619132390116,0.0,0.0,61.0,461.9794652581411,129.4952327609515,30680.407266033235
1627,671.4996033380545,5373.619132390116,0.0,0.0,61.0,461.9794652581411,129.49523276095147,30680.33026945569
1628,671.4996033380545,5373.619132390116,0.0,0.0,61.0,461.9794652581411,129.49523276095147,30680.253272878148
1629,671.4996033380546,5373.619132390116,0.0,0.0,61.0,461.9794652581411,129.4952327609515,30680.176276300605
1630,671.4996033380545,5373.619132390116,0.0,0.0,61.0,461.9794652581411,129.49523276095147,30680.09927972306
1631,672.4996033380547,5366.484103764098,0.0,0.0,61.0,463.35848760511635,121.07320005588521,30665.779868746606
1632,672.4996033380547,5366.484103764098,0.0,0.0,61.0,463.35848760511635,121.07320005588521,30665.702642332006
1633,672.4996033380547,5366.484103764098,0.0,0.0,61.0,463.35848760511635,121.07320005588521,30665.625415917406
1634,672.4996033380547,5366.484103764098,0.0,0.0,61.0,463.35848760511635,121.07320005588521,30665.548189502802
1635,682.055457586147,5421.306179011112,0.0,0.0,59.0,463.6659163187339,121.5210208718311,29930.366653431603
1636,682.055457586147,5421.306179011112,0.0,0.0,59.0,463.6659163187339,121.5210208718311,29930.28937577888
1637,682.055457586147,5421.306179011112,0.0,0.0,59.0,463.6659163187339,121.5210208718311,29930.21209812616
1638,682.0554575861469,5421.306179011112,0.0,0.0,59.0,463.6659163187339,121.52102087183107,29930.134820473442
1639,682.0554575861472,5421.306179011112,0.0,0.0,59.0,463.6659163187339,121.5210208718311,29930.057542820723
1640,682.055457586147,5421.306179011112,0.0,0.0,59.0,463.6659163187339,121.5210208718311,29929.980265168004
1641,682.055457586147,5421.306179011112,0.0,0.0,59.0,463.6659163187339,121.5210208718311,29929.902987515285
1642,677.4500262188594,5379.335290584995,0.0,0.0,57.0,463.6659163187338,121.5210208718311,29083.249390069162
1643,677.4500262188594,5379.335290584995,0.0,0.0,57.0,463.6659163187338,121.5210208718311,29083.17211241644
1644,677.4500262188594,5379.335290584995,0.0,0.0,57.0,463.6659163187338,121.5210208718311,29083.09483476372
1645,677.4500262188594,5379.335290584995,0.0,0.0,57.0,463.6659163187338,121.5210208718311,29083.017557111
1646,677.4500262188594,5379.335290584995,0.0,0.0,57.0,463.6659163187338,121.5210208718311,29082.940279458282
1647,677.4500262188594,5379.335290584995,0.0,0.0,57.0,463.6659163187338,121.5210208718311,29082.863001805563
1648,677.4500262188594,5379.335290584995,0.0,0.0,57.0,463.6659163187338,121.5210208718311,29082.785724152844
1649,677.4500262188594,5379.335290584995,0.0,0.0,57.0,463.6659163187338,121.5210208718311,29082.70844650012
1650,677.4500262188594,5379.335290584995,0.0,0.0,57.0,463.6659163187338,121.5210208718311,29082.6311688474
1651,676.2199447475826,5334.620783446983,0.0,1.0,58.0,463.1442459496616,131.09097560550387,30946.061968431084
1652,676.2199447475826,5334.620783446983,0.0,1.0,58.0,463.1442459496616,131.09097560550387,30945.984777723428
1653,676.2199447475828,5334.620783446981,0.0,1.0,58.0,463.1442459496616,131.09097560550387,30945.907587015765
1654,676.2199447475828,5334.620783446981,0.0,1.0,58.0,463.1442459496616,131.09097560550387,30945.830396308105
1655,676.2199447475828,5334.620783446981,0.0,1.0,58.0,463.1442459496616,131.09097560550387,30945.75320560045
1656,675.0483718723292,5285.242318712583,0.0,1.0,58.0,463.14424594966147,131.09097560550384,30895.12597728314
1657,675.0483718723291,5272.832618446782,0.0,1.0,58.0,463.1442459496616,131.09097560550387,30882.639086309682
1658,675.0483718723291,5272.832618446782,0.0,1.0,58.0,463.1442459496616,131.09097560550387,30882.639086309682
1659,671.7732496700282,5245.352752905967,0.0,1.0,58.0,460.910770091882,136.17546218902106,30856.315021880553
1660,670.1445294590725,5096.951905780293,0.0,0.0,56.0,460.9107700918821,136.17546218902106,28406.20863608224
1661,670.1445294590725,5096.951905780293,0.0,0.0,56.0,460.9107700918821,136.17546218902106,28406.131817620557
1662,670.1445294590725,5096.951905780293,0.0,0.0,56.0,460.9107700918821,136.17546218902106,28406.054999158874
1663,670.1445294590725,5096.951905780293,0.0,0.0,56.0,460.9107700918821,136.17546218902106,28405.97818069719
1664,670.1445294590725,5096.951905780293,0.0,0.0,56.0,460.9107700918821,136.17546218902106,28405.901362235512
1665,670.1445294590725,5096.951905780293,0.0,0.0,56.0,460.9107700918821,136.17546218902106,28405.82454377383
1666,670.1445294590725,5096.951905780293,0.0,0.0,56.0,460.9107700918821,136.17546218902106,28405.747725312147
1667,670.1445294590725,5096.951905780293,0.0,0.0,56.0,460.9107700918821,136.17546218902106,28405.670906850464
1668,670.1445294590725,5096.951905780293,0.0,0.0,56.0,460.9107700918821,136.17546218902106,28405.59408838878
1669,670.1445294590725,5096.951905780293,0.0,0.0,56.0,460.9107700918821,136.17546218902106,28405.517269927102
1670,670.1445294590725,5096.951905780293,0.0,0.0,56.0,460.9107700918821,136.17546218902106,28405.44045146542
1671,670.1445294590725,5096.951905780293,0.0,0.0,56.0,460.9107700918821,136.17546218902106,28405.363633003737
1672,670.1445294590725,5096.951905780293,0.0,0.0,56.0,460.9107700918821,136.17546218902106,28405.286814542054
1673,671.5804508204036,5053.59016581235,0.0,0.0,56.0,462.07061754991287,132.5201748947278,28359.885409775605
1674,671.5804508204036,5053.59016581235,0.0,0.0,56.0,462.07061754991287,132.5201748947278,28359.808398006015
1675,671.5804508204036,5053.59016581235,0.0,0.0,56.0,462.07061754991287,132.5201748947278,28359.73138623642
1676,671.5804508204036,5053.59016581235,0.0,0.0,56.0,462.07061754991287,132.5201748947278,28359.65437446683
1677,671.5804508204036,5053.59016581235,0.0,0.0,56.0,462.07061754991287,132.5201748947278,28359.577362697237
1678,670.1670780132455,5000.547902529096,0.0,0.0,56.0,461.4840624572066,134.2760930384235,28306.671395342168
1679,670.1670780132455,5000.547902529096,0.0,0.0,56.0,461.4840624572066,134.2760930384235,28306.59448133176
1680,670.1670780132455,5000.547902529096,0.0,0.0,56.0,461.4840624572066,134.2760930384235,28306.51756732135
1681,672.3815846618278,4971.386356887667,0.0,1.0,57.0,461.4840624572067,134.27609303842354,30179.493614318093
1682,672.3815846618278,4971.386356887667,0.0,1.0,57.0,461.4840624572067,134.27609303842354,30179.416700307684
1683,667.8546796099466,5025.7890368927365,0.0,0.0,56.0,461.00322028802134,133.04518960774422,28327.87911296365
1684,667.8546796099466,5025.7890368927365,0.0,0.0,56.0,461.00322028802134,133.04518960774422,28327.87911296365
1685,667.8546796099466,5025.7890368927365,0.0,0.0,56.0,461.00322028802134,133.04518960774422,28327.72544522355
1686,667.8546796099466,5025.7890368927365,0.0,0.0,56.0,461.00322028802134,133.04518960774422,28327.648611353503
1687,667.8546796099466,5025.7890368927365,0.0,0.0,56.0,461.00322028802134,133.04518960774422,28327.571777483456
1688,667.8546796099466,5025.7890368927365,0.0,0.0,56.0,461.00322028802134,133.04518960774422,28327.49494361341
1689,667.8546796099466,5025.789036892735,0.0,0.0,56.0,461.00322028802134,133.04518960774422,28327.418109743354
1690,667.3674253135115,5090.50855017808,0.0,0.0,55.0,459.87708817010366,136.90682113484777,27995.189294210246
1691,667.3674253135115,5090.50855017808,0.0,0.0,55.0,459.87708817010366,136.90682113484777,27995.112648028884
1692,667.3674253135115,5090.50855017808,0.0,0.0,55.0,459.87708817010366,136.90682113484777,27995.036001847522
1693,667.3674253135115,5090.508550178079,0.0,0.0,55.0,459.87708817010366,136.90682113484777,27994.95935566616
1694,667.3674253135115,5090.508550178079,0.0,0.0,55.0,459.87708817010366,136.90682113484777,27994.8827094848
1695,667.3674253135115,5090.508550178079,0.0,0.0,55.0,459.87708817010366,136.90682113484777,27994.806063303437
1696,667.3674253135115,5090.508550178077,0.0,0.0,55.0,459.87708817010355,136.90682113484775,27994.729417122075
1697,667.3674253135115,5090.508550178077,0.0,0.0,55.0,459.87708817010355,136.90682113484775,27994.652770940713
1698,667.3674253135115,5090.508550178079,0.0,0.0,55.0,459.87708817010366,136.90682113484777,27994.57612475935
1699,667.3674253135115,5090.508550178079,0.0,0.0,55.0,459.87708817010366,136.90682113484777,27994.49947857799
1700,667.3674253135115,5090.508550178079,0.0,0.0,55.0,459.87708817010366,136.90682113484777,27994.422832396627
1701,667.3674253135116,5090.508550178079,0.0,0.0,55.0,460.1238156838056,136.1649371480605,27993.65771873519
1702,667.3674253135116,5090.508550178079,0.0,0.0,55.0,460.1238156838056,136.1649371480605,27993.58103143258
1703,667.3674253135116,5090.508550178079,0.0,0.0,55.0,460.1238156838056,136.1649371480605,27993.504344129964
1704,664.7032374130719,4922.447261590906,0.0,0.0,55.0,458.79787798395375,140.7718282817145,27827.02266893023
1705,664.7032374130719,4922.447261590906,0.0,0.0,55.0,458.79787798395375,140.7718282817145,27826.94620261723
1706,664.7032374130719,4922.447261590906,0.0,0.0,55.0,458.79787798395375,140.7718282817145,27826.869736304234
1707,664.703237413072,4922.447261590904,0.0,0.0,55.0,459.04460549765565,140.0299442949272,27826.104555783648
1708,668.8033748360905,5022.1222084792425,0.0,0.0,54.0,460.1238156838056,136.1649371480605,27526.170515440637
1709,666.1391869356509,4855.059736751348,0.0,0.0,54.0,459.04460549765577,140.02994429492722,27359.999965598174
1710,666.1391869356509,4855.059736751348,0.0,0.0,54.0,459.04460549765577,140.02994429492722,27359.923458163925
1711,667.868019238347,5221.595281828333,0.0,1.0,53.0,460.12381568380556,136.1649371480605,28824.478171284143
1712,667.2822328007201,5068.462070005592,0.0,1.0,53.0,460.1238156838055,136.1649371480605,28670.682485721165
1713,667.2822328007201,5068.462070005592,0.0,1.0,53.0,460.1238156838055,136.1649371480605,28670.60579841855
1714,667.2822328007201,5068.462070005592,0.0,1.0,53.0,460.1238156838055,136.1649371480605,28670.529111115935
1715,667.2822328007201,5068.462070005592,0.0,1.0,53.0,460.1238156838055,136.1649371480605,28670.45242381332
1716,667.2822328007201,5068.462070005592,0.0,1.0,53.0,460.1238156838055,136.1649371480605,28670.37573651071
1717,667.2822328007201,5068.462070005592,0.0,1.0,53.0,460.1238156838055,136.1649371480605,28670.299049208093
1718,667.2822328007201,5068.462070005592,0.0,1.0,53.0,460.1238156838055,136.1649371480605,28670.22236190548
1719,667.2822328007201,5068.462070005592,0.0,1.0,53.0,460.1238156838055,136.1649371480605,28670.145674602867
1720,666.9665557023692,5182.076088963872,0.0,1.0,52.0,460.1238156838055,136.1649371480605,28383.36732916018
1721,666.9665557023692,5182.076088963872,0.0,1.0,52.0,460.1238156838055,136.1649371480605,28383.290641857566
1722,666.9665557023692,5182.076088963872,0.0,1.0,52.0,460.1238156838055,136.1649371480605,28383.213954554954
1723,666.9665557023692,5182.076088963872,0.0,1.0,52.0,460.1238156838055,136.1649371480605,28383.13726725234
1724,666.9665557023692,5182.076088963872,0.0,1.0,52.0,460.1238156838055,136.1649371480605,28383.060579949724
1725,666.9665557023692,5182.076088963872,0.0,1.0,52.0,460.1238156838055,136.1649371480605,28382.98389264711
1726,666.9665557023692,5182.076088963872,0.0,1.0,52.0,460.1238156838055,136.1649371480605,28382.907205344498
1727,666.9665557023692,5182.076088963872,0.0,1.0,52.0,460.1238156838055,136.1649371480605,28382.830518041883
1728,666.9665557023692,5182.076088963872,0.0,1.0,52.0,460.1238156838055,136.1649371480605,28382.753830739268
1729,666.9665557023692,5182.076088963872,0.0,1.0,52.0,460.1238156838055,136.1649371480605,28382.677143436656
1730,666.9665557023692,5182.076088963872,0.0,1.0,52.0,460.1238156838055,136.1649371480605,28382.60045613404
1731,666.9665557023693,5182.076088963871,0.0,1.0,52.0,460.1238156838055,136.1649371480605,28382.523768831423
1732,667.2197012576663,5308.446649696645,0.0,1.0,51.0,461.03964799825985,134.7479291667736,28107.84732573138
1733,667.2197012576663,5308.446649696645,0.0,1.0,51.0,461.03964799825985,134.7479291667736,28107.77048579005
1734,667.2197012576663,5308.446649696645,0.0,1.0,51.0,461.03964799825985,134.7479291667736,28107.693645848718
1735,667.2197012576663,5308.446649696645,0.0,1.0,51.0,461.03964799825985,134.7479291667736,28107.616805907383
1736,667.2197012576663,5308.446649696645,0.0,1.0,51.0,461.03964799825985,134.7479291667736,28107.53996596605
1737,667.2197012576663,5308.446649696645,0.0,1.0,51.0,461.03964799825985,134.7479291667736,28107.46312602472
1738,667.2197012576663,5308.446649696644,0.0,1.0,51.0,461.03964799825985,134.7479291667736,28107.386286083383
1739,667.2197012576664,5308.446649696644,0.0,1.0,51.0,461.03964799825985,134.7479291667736,28107.30944614205
1740,667.2197012576663,5308.446649696644,0.0,1.0,51.0,461.03964799825985,134.7479291667736,28107.23260620072
1741,667.8873138781811,5334.3662656248125,0.0,1.0,52.0,461.2000191189792,134.07234903067732,28533.101065878804
1742,668.2190919836113,5300.341819602468,0.0,1.0,52.0,461.2000191189792,134.0723490306773,28499.331531292035
1743,668.2190919836113,5300.341819602468,0.0,1.0,52.0,461.2000191189792,134.0723490306773,28499.25466462218
1744,668.2190919836113,5300.341819602468,0.0,1.0,52.0,461.2000191189792,134.0723490306773,28499.17779795233
1745,668.2190919836113,5300.341819602468,0.0,1.0,52.0,461.2000191189792,134.0723490306773,28499.100931282475
1746,668.2190919836113,5300.341819602468,0.0,1.0,52.0,461.2000191189792,134.0723490306773,28499.024064612622
1747,668.2190919836114,5300.341819602468,0.0,1.0,52.0,461.2000191189792,134.07234903067732,28498.94719794277
1748,668.2190919836113,5300.341819602468,0.0,1.0,52.0,461.2000191189792,134.0723490306773,28498.870331272916
1749,668.2190919836113,5300.341819602468,0.0,1.0,52.0,461.2000191189792,134.0723490306773,28498.793464603063
1750,667.9243817167835,5266.335231289265,0.0,1.0,52.0,460.7688752709386,134.45768814333243,28464.710816830826
1751,667.9243817167836,5266.335231289266,0.0,1.0,52.0,460.76887527093857,134.45768814333243,28464.63402201828
1752,667.9243817167837,5266.335231289266,0.0,1.0,52.0,460.76887527093857,134.45768814333246,28464.557227205736
1753,667.9243817167837,5266.335231289266,0.0,1.0,52.0,460.76887527093857,134.45768814333246,28464.48043239319
1754,667.9243817167836,5266.335231289266,0.0,1.0,52.0,460.76887527093857,134.45768814333243,28464.403637580646
1755,667.9243817167837,5266.335231289266,0.0,1.0,52.0,460.76887527093857,134.45768814333246,28464.3268427681
1756,667.9243817167837,5266.335231289266,0.0,1.0,52.0,460.76887527093857,134.45768814333246,28464.250047955553
1757,667.9243817167835,5266.335231289261,0.0,1.0,52.0,460.7688752709386,134.45768814333243,28464.173253143006
1758,667.9243817167835,5266.335231289261,0.0,1.0,52.0,460.7688752709386,134.45768814333243,28464.09645833046
1759,667.9243817167835,5266.335231289261,0.0,1.0,52.0,460.7688752709386,134.45768814333243,28464.019663517916
1760,667.9243817167835,5266.335231289261,0.0,1.0,52.0,460.7688752709386,134.45768814333243,28463.94286870537
1761,670.884525425514,5319.250513247999,0.0,1.0,51.0,461.9712075610225,127.00816381609307,28112.540256850956
1762,670.884525425514,5319.250513247999,0.0,1.0,51.0,461.9712075610225,127.00816381609307,28112.463261649697
1763,670.884525425514,5319.250513247999,0.0,1.0,51.0,461.9712075610225,127.00816381609307,28112.386266448437
1764,670.884525425514,5319.250513247999,0.0,1.0,51.0,461.9712075610225,127.00816381609307,28112.309271247177
1765,670.884525425514,5319.250513247999,0.0,1.0,51.0,461.9712075610225,127.00816381609307,28112.232276045917
1766,670.884525425514,5319.250513247999,0.0,1.0,51.0,461.9712075610225,127.00816381609307,28112.155280844658
1767,670.884525425514,5319.250513247999,0.0,1.0,51.0,461.9712075610225,127.00816381609307,28112.078285643394
1768,670.884525425514,5319.250513247999,0.0,1.0,51.0,461.9712075610225,127.00816381609307,28112.001290442135
1769,670.884525425514,5319.250513247999,0.0,1.0,51.0,461.9712075610225,127.00816381609307,28111.924295240875
1770,670.884525425514,5319.250513247999,0.0,1.0,51.0,461.9712075610225,127.00816381609307,28111.847300039615
1771,671.6977586736832,5365.377113302221,0.0,1.0,52.0,461.9712075610224,127.00816381609307,28558.710138140745
1772,671.6977586736832,5365.377113302221,0.0,1.0,52.0,461.9712075610224,127.00816381609307,28558.633142939485
1773,671.6977586736832,5365.377113302222,-5.820766091346741e-11,1.0,52.0,461.9712075610224,127.00816381609307,28558.55614773817
1774,671.6977586736832,5365.377113302222,-5.820766091346741e-11,1.0,52.0,461.9712075610224,127.00816381609307,28558.47915253691
1775,671.6977586736832,5365.377113302222,-5.820766091346741e-11,1.0,52.0,461.9712075610224,127.00816381609307,28558.402157335648
1776,671.6977586736832,5365.377113302222,-5.820766091346741e-11,1.0,52.0,461.9712075610224,127.00816381609307,28558.325162134388
1777,671.6977586736832,5365.377113302222,-5.820766091346741e-11,1.0,52.0,461.9712075610224,127.00816381609307,28558.24816693313
1778,671.6977586736832,5365.377113302222,-5.820766091346741e-11,1.0,52.0,461.9712075610224,127.00816381609307,28558.17117173187
1779,671.6977586736832,5365.377113302222,-5.820766091346741e-11,1.0,52.0,461.9712075610224,127.00816381609307,28558.09417653061
1780,671.6977586736832,5365.377113302222,-5.820766091346741e-11,1.0,52.0,461.9712075610224,127.00816381609307,28558.01718132935
1781,671.6977586736832,5365.377113302222,-5.820766091346741e-11,1.0,52.0,461.9712075610224,127.00816381609307,28557.94018612809
1782,671.6977586736832,5365.377113302222,-5.820766091346741e-11,1.0,52.0,461.9712075610224,127.00816381609307,28557.86319092683
1783,671.6977586736832,5365.377113302222,-5.820766091346741e-11,1.0,52.0,461.9712075610224,127.00816381609307,28557.786195725566
1784,671.6977586736832,5365.377113302222,-5.820766091346741e-11,1.0,52.0,461.9712075610224,127.00816381609307,28557.709200524307
1785,671.6977586736832,5365.377113302222,-5.820766091346741e-11,1.0,52.0,461.9712075610224,127.00816381609307,28557.632205323047
1786,671.6977586736832,5365.377113302222,-5.820766091346741e-11,1.0,52.0,461.9712075610224,127.00816381609307,28557.555210121787
1787,671.6977586736832,5365.377113302222,-5.820766091346741e-11,1.0,52.0,461.9712075610224,127.00816381609307,28557.478214920528
1788,671.6977586736832,5365.377113302222,-5.820766091346741e-11,1.0,52.0,461.9712075610224,127.00816381609307,28557.401219719268
1789,671.6977586736832,5365.377113302222,-5.820766091346741e-11,1.0,52.0,461.9712075610224,127.00816381609307,28557.324224518008
1790,671.6977586736834,5365.37711330222,-5.820766091346741e-11,1.0,52.0,461.9712075610224,127.00816381609307,28557.24722931674
1791,671.6977586736834,5365.37711330222,-5.820766091346741e-11,1.0,52.0,461.9712075610224,127.00816381609307,28557.17023411548
1792,671.6977586736834,5365.37711330222,-5.820766091346741e-11,1.0,52.0,461.9712075610224,127.00816381609307,28557.09323891422
1793,671.6977586736834,5365.37711330222,-5.820766091346741e-11,1.0,52.0,461.9712075610224,127.00816381609307,28557.016243712962
1794,667.3201040242247,5299.473865607012,-5.820766091346741e-11,1.0,51.0,460.35794212466413,132.95043607496768,28092.276352073204
1795,667.3201040242247,5299.473865607012,-5.820766091346741e-11,1.0,51.0,460.35794212466413,132.95043607496768,28092.19962574952
1796,667.320104024225,5299.47386560701,-5.820766091346741e-11,1.0,51.0,460.35794212466413,132.95043607496768,28092.122899425827
1797,667.320104024225,5299.47386560701,-5.820766091346741e-11,1.0,51.0,460.35794212466413,132.95043607496768,28092.04617310214
1798,667.320104024225,5299.47386560701,-5.820766091346741e-11,1.0,51.0,460.35794212466413,132.95043607496768,28091.96944677845
1799,667.320104024225,5299.47386560701,-5.820766091346741e-11,1.0,51.0,460.35794212466413,132.95043607496768,28091.892720454765
1800,668.0479457133564,5208.863684268137,-5.820766091346741e-11,1.0,51.0,460.2439734193289,132.8856925063321,28001.846117171634
1801,669.4484378939111,5698.784424736336,0.0,1.0,48.0,460.3579421246641,132.95043607496774,27293.17816080646
1802,669.448437893911,5686.327742940568,0.0,1.0,48.0,460.757088169659,131.77256272272353,27279.54657549508
1803,669.448437893911,5686.327742940568,0.0,1.0,48.0,460.757088169659,131.77256272272353,27279.46978264705
1804,669.448437893911,5686.327742940568,0.0,1.0,48.0,460.757088169659,131.77256272272353,27279.39298979902
1805,669.448437893911,5686.327742940568,0.0,1.0,48.0,460.757088169659,131.77256272272353,27279.316196950993
1806,669.448437893911,5686.327742940568,0.0,1.0,48.0,460.757088169659,131.77256272272353,27279.239404102966
1807,669.448437893911,5686.327742940568,0.0,1.0,48.0,460.757088169659,131.77256272272353,27279.16261125494
1808,669.448437893911,5686.327742940568,0.0,1.0,48.0,460.757088169659,131.77256272272353,27279.085818406907
1809,669.448437893911,5686.327742940568,0.0,1.0,48.0,460.757088169659,131.77256272272353,27279.00902555888
1810,669.448437893911,5686.327742940568,0.0,1.0,48.0,460.757088169659,131.77256272272353,27278.932232710853
1811,669.448437893911,5686.327742940568,0.0,1.0,48.0,460.757088169659,131.77256272272353,27278.855439862822
1812,666.862651456284,5674.549570521913,0.0,1.0,48.0,458.45903534916476,139.43600770843523,27271.623118685766
1813,666.862651456284,5674.549570521913,0.0,1.0,48.0,458.45903534916476,139.43600770843523,27271.54670884654
1814,666.862651456284,5674.549570521913,0.0,1.0,48.0,458.45903534916476,139.43600770843523,27271.470299007316
1815,666.862651456284,5674.549570521913,0.0,1.0,48.0,458.45903534916476,139.43600770843523,27271.393889168092
1816,666.862651456284,5674.549570521913,0.0,1.0,48.0,458.45903534916476,139.43600770843523,27271.317479328867
1817,666.862651456284,5674.549570521913,0.0,1.0,48.0,458.45903534916476,139.43600770843523,27271.241069489643
1818,666.862651456284,5674.549570521913,0.0,1.0,48.0,458.45903534916476,139.43600770843523,27271.164659650418
1819,668.4484378939108,5627.346451855853,0.0,1.0,48.0,460.5151246303692,132.42989339465987,27218.86951017583
1820,668.4484378939108,5627.346451855853,0.0,1.0,48.0,460.5151246303692,132.42989339465987,27218.79275765506
1821,666.8426131190847,5687.544173925096,0.0,0.0,48.0,457.9587511867769,140.02746609657567,25784.403147748963
1822,666.8426131190847,5687.544173925096,0.0,0.0,48.0,457.9587511867769,140.02746609657567,25784.32682129043
1823,666.8426131190847,5687.544173925096,0.0,0.0,48.0,457.9587511867769,140.02746609657567,25784.2504948319
1824,666.8426131190847,5687.544173925096,0.0,0.0,48.0,457.9587511867769,140.02746609657567,25784.174168373367
1825,666.8426131190847,5687.544173925096,0.0,0.0,48.0,457.9587511867769,140.02746609657567,25784.097841914838
1826,666.8286830309125,5629.088613053935,0.0,0.0,48.0,457.9587511867769,140.02746609657567,25725.55202449697
1827,667.2833882031124,5886.9809566426575,0.0,0.0,47.0,460.0814413453012,133.0213517828003,25577.23161841158
1828,667.2833882031124,5886.9809566426575,0.0,0.0,47.0,460.0814413453012,133.0213517828003,25577.154938171356
1829,665.6976017654854,5777.89591902456,0.0,0.0,47.0,457.95875118677696,140.02746609657567,25472.999269826574
1830,665.6976017654854,5777.89591902456,0.0,0.0,47.0,457.95875118677696,140.02746609657567,25472.92294336804
1831,668.5244061410194,5724.581082253282,0.0,0.0,49.0,460.08144134530113,133.02135178280025,26215.76604099921
1832,666.9386197033924,5620.525222420872,0.0,0.0,49.0,457.9587511867769,140.0274660965756,26116.6406117852
1833,666.9386197033924,5620.525222420872,0.0,0.0,49.0,457.9587511867769,140.0274660965756,26116.56428532667
1834,666.9386197033924,5620.525222420872,0.0,0.0,49.0,457.9587511867769,140.0274660965756,26116.487958868136
1835,666.9386197033924,5620.525222420872,0.0,0.0,49.0,457.9587511867769,140.0274660965756,26116.411632409607
1836,665.7936083497929,5600.141394022476,0.0,0.0,48.0,457.9587511867769,140.02746609657564,25694.80646619908
1837,665.7936083497929,5600.141394022476,0.0,0.0,48.0,457.9587511867769,140.02746609657564,25694.73013974055
1838,665.7936083497929,5600.141394022476,0.0,0.0,48.0,457.9587511867769,140.02746609657564,25694.653813282017
1839,665.7936083497929,5600.141394022476,0.0,0.0,48.0,457.9587511867769,140.02746609657564,25694.577486823488
1840,665.7936083497929,5600.141394022476,0.0,0.0,48.0,457.9587511867769,140.02746609657564,25694.501160364955
1841,665.7936083497929,5600.141394022476,0.0,0.0,48.0,457.9587511867769,140.02746609657564,25694.424833906425
1842,665.7936083497929,5600.141394022476,0.0,0.0,48.0,457.9587511867769,140.02746609657564,25694.348507447892
1843,667.7936083497927,5599.9831164335255,0.0,0.0,48.0,458.8344581762664,137.6813825331236,25693.936685334764
1844,665.2078219121657,5583.6137375547105,0.0,0.0,48.0,457.9587511867769,140.02746609657564,25677.08241162544
1845,665.2078219121657,5583.6137375547105,0.0,0.0,48.0,457.9587511867769,140.02746609657564,25677.006085166908
1846,665.2078219121657,5583.6137375547105,0.0,0.0,48.0,457.9587511867769,140.02746609657564,25676.92975870838
1847,665.2078219121657,5583.6137375547105,0.0,0.0,48.0,457.9587511867769,140.02746609657564,25676.853432249845
1848,665.2078219121657,5583.6137375547105,0.0,0.0,48.0,457.9587511867769,140.02746609657564,25676.777105791316
1849,665.2078219121657,5583.6137375547105,0.0,0.0,48.0,457.9587511867769,140.02746609657564,25676.700779332783
1850,665.2078219121657,5583.6137375547105,0.0,0.0,48.0,457.9587511867769,140.02746609657564,25676.624452874254
1851,665.2078219121657,5583.6137375547105,0.0,0.0,48.0,457.9587511867769,140.02746609657564,25676.54812641572
1852,665.2078219121657,5583.6137375547105,0.0,0.0,48.0,457.9587511867769,140.02746609657564,25676.47179995719
1853,665.2078219121657,5583.6137375547105,0.0,0.0,48.0,457.9587511867769,140.02746609657564,25676.39547349866
1854,665.2078219121657,5583.6137375547105,0.0,0.0,48.0,457.9587511867769,140.02746609657564,25676.31914704013
1855,665.2078219121657,5583.6137375547105,0.0,0.0,48.0,457.9587511867769,140.02746609657564,25676.242820581596
1856,665.2078219121657,5583.6137375547105,0.0,0.0,48.0,457.9587511867769,140.02746609657564,25676.166494123067
1857,665.2078219121657,5583.6137375547105,0.0,0.0,48.0,457.9587511867769,140.02746609657564,25676.090167664534
1858,665.5396000175962,5552.482299086377,0.0,0.0,48.0,457.9587511867769,140.02746609657564,25645.2141808431
1859,665.5396000175962,5552.482299086377,0.0,0.0,48.0,457.9587511867769,140.02746609657564,25645.137854384568
1860,665.5396000175962,5552.482299086377,0.0,0.0,48.0,457.9587511867769,140.02746609657564,25645.06152792604
1861,669.5244061410194,5890.130094947317,0.0,0.0,49.0,458.40104008550674,141.76987891889635,26388.444177450132
1862,666.9386197033924,5620.525222420862,0.0,0.0,49.0,457.9587511867769,140.0274660965756,26114.35081802926
1863,666.9386197033924,5620.525222420862,0.0,0.0,49.0,457.9587511867769,140.0274660965756,26114.274491570726
1864,666.9386197033924,5620.525222420862,0.0,0.0,49.0,457.9587511867769,140.0274660965756,26114.198165112197
1865,666.9386197033924,5620.525222420862,0.0,0.0,49.0,457.9587511867769,140.0274660965756,26114.121838653664
1866,666.9386197033924,5620.525222420862,0.0,0.0,49.0,457.9587511867769,140.0274660965756,26114.045512195135
1867,666.9386197033924,5620.525222420862,0.0,0.0,49.0,457.9587511867769,140.0274660965756,26113.9691857366
1868,666.9386197033924,5620.525222420862,0.0,0.0,49.0,457.9587511867769,140.0274660965756,26113.892859278072
1869,666.1253864552239,5574.908618609847,0.0,0.0,48.0,457.9587511867769,140.0274660965756,25667.386695760353
1870,666.1253864552239,5574.908618609847,0.0,0.0,48.0,457.9587511867769,140.0274660965756,25667.386695760353
1871,666.1253864552239,5574.908618609847,0.0,0.0,48.0,457.9587511867769,140.0274660965756,25667.23404284329
1872,666.1253864552239,5574.908618609847,0.0,0.0,48.0,457.9587511867769,140.0274660965756,25667.15771638476
1873,666.1253864552239,5574.908618609847,0.0,0.0,48.0,457.9587511867769,140.0274660965756,25667.08138992623
1874,666.1253864552239,5574.908618609847,0.0,0.0,48.0,457.9587511867769,140.0274660965756,25667.0050634677
1875,666.1253864552239,5574.908618609847,0.0,0.0,48.0,457.9587511867769,140.0274660965756,25666.928737009166
1876,666.1253864552239,5574.908618609847,0.0,0.0,48.0,457.9587511867769,140.0274660965756,25666.852410550637
1877,666.1253864552239,5574.908618609847,0.0,0.0,48.0,457.9587511867769,140.0274660965756,25666.776084092107
1878,666.1253864552239,5574.908618609847,0.0,0.0,48.0,457.9587511867769,140.0274660965756,25666.699757633574
1879,666.1253864552241,5553.423544957528,0.0,0.0,48.0,457.9587511867769,140.0274660965756,25645.138357522726
1880,666.1253864552241,5553.423544957528,0.0,0.0,48.0,457.9587511867769,140.0274660965756,25645.062031064193
1881,666.1253864552241,5553.423544957528,0.0,0.0,48.0,457.9587511867769,140.0274660965756,25644.985704605664
1882,666.1253864552241,5553.423544957528,0.0,0.0,48.0,457.9587511867769,140.0274660965756,25644.90937814713
1883,666.1253864552241,5553.423544957528,0.0,0.0,48.0,457.9587511867769,140.0274660965756,25644.8330516886
1884,666.1253864552241,5553.423544957528,0.0,0.0,48.0,457.9587511867769,140.0274660965756,25644.75672523007
1885,666.1253864552241,5553.423544957528,0.0,0.0,48.0,457.9587511867769,140.0274660965756,25644.68039877154
1886,666.1253864552241,5553.423544957528,0.0,0.0,48.0,457.9587511867769,140.0274660965756,25644.604072313006
1887,666.1253864552241,5553.423544957528,0.0,0.0,48.0,457.9587511867769,140.0274660965756,25644.527745854477
1888,666.1253864552241,5553.423544957528,0.0,0.0,48.0,457.9587511867769,140.0274660965756,25644.451419395944
1889,666.1253864552241,5553.423544957528,0.0,0.0,48.0,457.9587511867769,140.0274660965756,25644.375092937415
1890,666.1253864552241,5553.423544957528,0.0,0.0,48.0,457.9587511867769,140.0274660965756,25644.29876647888
1891,667.175446848272,5610.521270516681,0.0,0.0,50.0,457.9587511867769,140.0274660965756,26502.370225972554
1892,668.1754468482719,5601.962374897321,0.0,0.0,50.0,459.20468789804715,136.09726672094735,26491.03488749838
1893,668.1754468482719,5601.962374897321,0.0,0.0,50.0,459.20468789804715,136.09726672094735,26490.95835338373
1894,668.1754468482719,5601.962374897321,0.0,0.0,50.0,459.20468789804715,136.09726672094735,26490.881819269078
1895,668.1754468482719,5601.962374897321,0.0,0.0,50.0,459.20468789804715,136.09726672094735,26490.80528515443
1896,668.1754468482719,5601.962374897321,0.0,0.0,50.0,459.20468789804715,136.09726672094735,26490.72875103978
1897,668.1754468482715,5601.962374897324,0.0,0.0,50.0,459.20468789804715,136.09726672094735,26490.65221692513
1898,668.1754468482719,5601.962374897321,0.0,0.0,50.0,459.20468789804715,136.09726672094735,26490.575682810482
1899,685.1111394317268,4875.850270711773,0.0,0.0,51.0,469.2246589801873,117.94024297118081,26165.004378037545
1900,685.1111394317268,4875.850270711773,0.0,0.0,51.0,469.2246589801873,117.94024297118081,26164.926173927714
1901,685.1111394317268,4875.850270711773,0.0,0.0,51.0,469.2246589801873,117.94024297118081,26164.847969817885
1902,685.1111394317268,4875.850270711773,0.0,0.0,51.0,469.2246589801873,117.94024297118081,26164.769765708053
1903,685.1111394317268,4875.850270711773,0.0,0.0,51.0,469.2246589801873,117.94024297118081,26164.691561598225
1904,685.1111394317268,4875.850270711773,0.0,0.0,51.0,469.2246589801873,117.94024297118081,26164.613357488393
1905,685.1111394317268,4875.850270711773,0.0,0.0,51.0,469.2246589801873,117.94024297118081,26164.535153378565
1906,685.1111394317268,4875.850270711773,0.0,0.0,51.0,469.2246589801873,117.94024297118081,26164.456949268733
1907,685.1111394317268,4875.850270711773,0.0,0.0,51.0,469.2246589801873,117.94024297118081,26164.378745158905
1908,685.1111394317268,4875.850270711773,0.0,0.0,51.0,469.2246589801873,117.94024297118081,26164.300541049073
1909,685.1111394317268,4875.850270711773,0.0,0.0,51.0,469.2246589801873,117.94024297118081,26164.222336939245
1910,685.4600987244743,4900.994248497985,0.0,0.0,50.0,469.2246589801873,117.94024297118081,25789.63706990837
1911,685.4600987244743,4900.994248497985,0.0,0.0,50.0,469.2246589801873,117.94024297118081,25789.558865798543
1912,685.4600987244743,4900.994248497985,0.0,0.0,50.0,469.2246589801873,117.94024297118081,25789.48066168871
1913,685.4600987244743,4900.994248497985,0.0,0.0,50.0,469.2246589801873,117.94024297118081,25789.402457578883
1914,684.8743122868473,4895.510696610003,0.0,0.0,50.0,468.48887868052543,121.71890492101811,25786.900400859042
1915,684.8743122868473,4895.510696610003,0.0,0.0,50.0,468.48887868052543,121.71890492101811,25786.822319379262
1916,684.8743122868473,4895.510696610003,0.0,0.0,50.0,468.4943779707706,121.67053467985862,25786.69686119676
1917,684.8743122868473,4895.510696610003,0.0,0.0,50.0,468.4943779707706,121.67053467985862,25786.61877880043
1918,684.8743122868473,4895.510696610003,0.0,0.0,50.0,468.4943779707706,121.67053467985862,25786.540696404103
1919,684.8743122868472,4895.510696610004,0.0,0.0,50.0,468.49437797077053,121.67053467985862,25786.462614007778
1920,684.8743122868472,4895.510696610004,0.0,0.0,50.0,468.49437797077053,121.67053467985862,25786.38453161145
1921,687.245460880303,4911.838067292418,0.0,0.0,51.0,468.4943779707706,121.67053467985859,26205.00496849099
1922,687.245460880303,4911.838067292418,0.0,0.0,51.0,468.4943779707706,121.67053467985859,26204.92688609466
1923,687.245460880303,4911.838067292418,0.0,0.0,51.0,468.4943779707706,121.67053467985859,26204.848803698333
1924,687.245460880303,4911.838067292418,0.0,0.0,51.0,468.4943779707706,121.67053467985859,26204.770721302004
1925,687.245460880303,4911.838067292418,0.0,0.0,51.0,468.4943779707706,121.67053467985859,26204.692638905675
1926,687.5772389857336,4896.737848365965,0.0,0.0,51.0,468.49437797077064,121.67053467985859,26189.846115688328
1927,687.5772389857336,4896.737848365965,0.0,0.0,51.0,468.49437797077064,121.67053467985859,26189.768033292
1928,687.5772389857336,4896.737848365965,0.0,0.0,51.0,468.49437797077064,121.67053467985859,26189.68995089567
1929,687.5772389857336,4896.737848365965,0.0,0.0,51.0,468.49437797077064,121.67053467985859,26189.61186849934
1930,687.5772389857336,4896.737848365965,0.0,0.0,51.0,468.49437797077064,121.67053467985859,26189.533786103013
1931,687.5772389857336,4896.737848365963,0.0,0.0,51.0,468.49437797077064,121.67053467985859,26189.45570370668
1932,687.5772389857336,4896.737848365963,0.0,0.0,51.0,468.49437797077064,121.67053467985859,26189.377621310352
1933,688.1630254233604,4895.908332346574,0.0,0.0,51.0,468.8916500683925,119.34996282494262,26186.805885698705
1934,688.1630254233604,4895.908332346574,0.0,0.0,51.0,468.8916500683925,119.34996282494262,26186.72773709036
1935,688.1630254233604,4895.908332346572,0.0,0.0,51.0,468.8916500683925,119.34996282494262,26186.64958848201
1936,688.1630254233604,4895.908332346572,0.0,0.0,51.0,468.8916500683925,119.34996282494262,26186.571439873667
1937,688.1630254233602,4895.908332346571,0.0,0.0,51.0,468.8916500683925,119.34996282494262,26186.493291265324
1938,688.1630254233602,4895.908332346569,0.0,0.0,51.0,468.8916500683925,119.34996282494262,26186.415142656973
1939,688.1630254233602,4895.908332346569,0.0,0.0,51.0,468.8916500683925,119.34996282494262,26186.33699404863
1940,688.1630254233602,4895.908332346569,0.0,0.0,51.0,468.8916500683925,119.34996282494262,26186.258845440287
1941,688.5119847161077,4920.113112724906,0.0,0.0,50.0,468.8916500683925,119.34996282494262,25810.734436503026
1942,688.5119847161077,4920.113112724906,0.0,0.0,50.0,468.8916500683925,119.34996282494262,25810.656287894682
1943,688.5119847161077,4920.113112724906,0.0,0.0,50.0,468.8916500683925,119.34996282494262,25810.578139286335
1944,688.5119847161077,4920.113112724906,0.0,0.0,50.0,468.8916500683925,119.34996282494262,25810.499990677992
1945,688.5119847161077,4920.113112724906,0.0,0.0,50.0,468.8916500683925,119.34996282494262,25810.42184206965
1946,688.5119847161077,4920.113112724906,0.0,0.0,50.0,468.8916500683925,119.34996282494262,25810.343693461302
1947,688.5119847161077,4920.113112724906,0.0,0.0,50.0,468.8916500683925,119.34996282494262,25810.26554485296
1948,686.8919669383471,4891.095231949128,0.0,0.0,50.0,467.9337382195664,120.38126624000385,25780.412847228643
1949,686.8919669383469,4891.095231949128,0.0,0.0,50.0,467.93373821956635,120.38126624000385,25780.334858272272
1950,686.8919669383471,4891.095231949128,0.0,0.0,50.0,467.9337382195664,120.38126624000385,25780.2568693159
1951,686.5601888329164,4906.195450875574,0.0,0.0,50.0,467.9337382195663,120.38126624000384,25794.947321180553
1952,686.5601888329164,4906.195450875574,0.0,0.0,50.0,467.9337382195663,120.38126624000384,25794.86933222418
1953,686.5601888329164,4906.195450875574,0.0,0.0,50.0,467.9337382195663,120.38126624000384,25794.79134326781
1954,686.5601888329164,4906.195450875574,0.0,0.0,50.0,467.9337382195663,120.38126624000384,25794.71335431144
1955,686.5601888329164,4906.195450875574,0.0,0.0,50.0,467.9337382195663,120.38126624000384,25794.635365355072
1956,686.5601888329164,4906.195450875574,0.0,0.0,50.0,467.9337382195663,120.38126624000384,25794.5573763987
1957,687.7224239651541,5014.993528160799,0.0,0.0,49.0,468.77793268085355,118.56161414765378,25502.766796904627
1958,687.7224239651541,5014.993528160799,0.0,0.0,49.0,468.77793268085355,118.56161414765378,25502.688667249182
1959,687.7224239651541,5014.993528160799,0.0,0.0,49.0,468.77793268085355,118.56161414765378,25502.610537593733
1960,687.7224239651541,5014.993528160799,0.0,0.0,49.0,468.77793268085355,118.56161414765378,25502.532407938288
1961,687.7224239651541,5014.993528160799,0.0,0.0,49.0,468.77793268085355,118.56161414765378,25502.45427828284
1962,688.0542020705848,5013.928978081965,0.0,0.0,49.0,468.77793268085355,118.56161414765378,25501.643376653992
1963,688.0542020705848,5013.928978081965,0.0,0.0,49.0,468.77793268085355,118.56161414765378,25501.565246998543
1964,688.0542020705848,5013.928978081965,0.0,0.0,49.0,468.77793268085355,118.56161414765378,25501.4871173431
1965,688.0542020705848,5013.928978081965,0.0,0.0,49.0,468.77793268085355,118.56161414765378,25501.40898768765
1966,688.0542020705848,5013.928978081965,0.0,0.0,49.0,468.77793268085355,118.56161414765378,25501.330858032205
1967,688.0542020705848,5013.928978081965,0.0,0.0,49.0,468.77793268085355,118.56161414765378,25501.252728376756
1968,688.0542020705848,5013.928978081965,0.0,0.0,49.0,468.77793268085355,118.56161414765378,25501.17459872131
1969,688.0542020705848,5013.928978081965,0.0,0.0,49.0,468.77793268085355,118.56161414765378,25501.096469065862
1970,688.0542020705848,5013.928978081965,0.0,0.0,49.0,468.77793268085355,118.56161414765378,25501.018339410417
1971,688.0542020705848,5013.928978081965,0.0,0.0,49.0,468.77793268085355,118.56161414765378,25500.94020975497
1972,687.4684156329578,5006.041217515182,0.0,0.0,49.0,468.76659402225346,117.48570507587932,25491.310681333165
1973,687.4684156329578,5006.041217515182,0.0,0.0,49.0,468.76659402225346,117.48570507587932,25491.310681333165
1974,687.4684156329578,5006.041217515182,0.0,0.0,49.0,468.76659402225346,117.48570507587932,25491.154425801826
1975,687.4684156329578,5006.041217515182,0.0,0.0,49.0,468.76659402225346,117.48570507587932,25491.076298036154
1976,687.4684156329578,5006.041217515182,0.0,0.0,49.0,468.76659402225346,117.48570507587932,25490.998170270486
1977,687.4684156329578,5006.041217515182,0.0,0.0,49.0,468.76659402225346,117.48570507587932,25490.920042504815
1978,687.4684156329578,5006.041217515182,0.0,0.0,49.0,468.76659402225346,117.48570507587932,25490.841914739143
1979,687.4684156329578,5006.041217515182,0.0,0.0,49.0,468.76659402225346,117.48570507587932,25490.763786973475
1980,687.4684156329578,5006.041217515182,0.0,0.0,49.0,468.76659402225346,117.48570507587932,25490.685659207804
1981,687.1366375275273,5062.062507275798,0.0,0.0,50.0,468.7665940222535,117.48570507587931,25946.29704309732
1982,687.1366375275273,5062.062507275798,0.0,0.0,50.0,468.7665940222535,117.48570507587931,25946.218915331647
1983,687.1366375275273,5062.062507275798,0.0,0.0,50.0,468.7665940222535,117.48570507587931,25946.14078756598
1984,687.1366375275273,5062.062507275798,0.0,0.0,50.0,468.7665940222535,117.48570507587931,25946.062659800307
1985,687.1366375275273,5062.062507275798,0.0,0.0,50.0,468.7665940222535,117.48570507587931,25945.984532034636
1986,687.4684156329577,5060.997957196965,0.0,0.0,50.0,468.7665940222535,117.48570507587931,25945.173632295566
1987,687.4684156329577,5060.997957196965,0.0,0.0,50.0,468.7665940222535,117.48570507587931,25945.095504529894
1988,687.4684156329577,5060.997957196965,0.0,0.0,50.0,468.7665940222535,117.48570507587931,25945.017376764223
1989,687.4684156329577,5060.997957196965,0.0,0.0,50.0,468.7665940222535,117.48570507587931,25944.939248998555
1990,687.4684156329577,5060.997957196965,0.0,0.0,50.0,468.7665940222535,117.48570507587931,25944.861121232883
1991,687.4684156329575,5052.396622985332,0.0,0.0,50.0,469.5425022067087,115.5596671658193,25934.38610323854
1992,687.4684156329575,5052.396622985332,0.0,0.0,50.0,469.5425022067087,115.5596671658193,25934.307846154836
1993,687.4684156329575,5052.396622985332,0.0,0.0,50.0,469.5425022067087,115.5596671658193,25934.229589071136
1994,687.4684156329575,5052.396622985332,0.0,0.0,50.0,469.5425022067087,115.5596671658193,25934.151331987436
1995,687.4684156329575,5052.396622985332,0.0,0.0,50.0,469.5425022067087,115.5596671658193,25934.073074903732
1996,687.4684156329575,5052.396622985332,0.0,0.0,50.0,469.5425022067087,115.5596671658193,25933.994817820032
1997,687.4684156329575,5052.396622985332,0.0,0.0,50.0,469.5425022067087,115.5596671658193,25933.916560736332
1998,687.4684156329575,5052.396622985332,0.0,0.0,50.0,469.5425022067087,115.5596671658193,25933.83830365263
1999,687.4684156329575,5052.396622985332,0.0,0.0,50.0,469.5425022067087,115.5596671658193,25933.76004656893
2000,687.4684156329575,5052.396622985332,0.0,0.0,50.0,469.5425022067087,115.5596671658193,25933.68178948523
2001,687.4684156329575,5052.396622985332,0.0,0.0,50.0,469.5425022067087,115.5596671658193,25933.603532401525
2002,687.4684156329575,5052.396622985332,0.0,0.0,50.0,469.5425022067087,115.5596671658193,25933.525275317825
2003,687.4684156329575,5052.396622985332,0.0,0.0,50.0,469.5425022067087,115.5596671658193,25933.447018234125
2004,687.4684156329575,5052.396622985332,0.0,0.0,50.0,469.5425022067087,115.5596671658193,25933.368761150425
2005,687.4684156329575,5052.396622985332,0.0,0.0,50.0,469.5425022067087,115.5596671658193,25933.29050406672
2006,687.4684156329575,5052.396622985332,0.0,0.0,50.0,469.5425022067087,115.5596671658193,25933.21224698302
2007,687.4684156329575,5052.396622985332,0.0,0.0,50.0,469.5425022067087,115.5596671658193,25933.13398989932
2008,687.4684156329575,5052.396622985332,0.0,0.0,50.0,469.5425022067087,115.5596671658193,25933.055732815617
2009,687.4684156329575,5052.396622985332,0.0,0.0,50.0,469.5425022067087,115.5596671658193,25932.977475731917
2010,687.4684156329575,5052.396622985332,0.0,0.0,50.0,469.5425022067087,115.5596671658193,25932.899218648217
2011,687.1366375275273,5053.461173064177,0.0,0.0,50.0,469.54250220670866,115.5596671658193,25933.55373353793
2012,686.5508510899003,5005.5902474024015,0.0,0.0,50.0,468.403269459453,120.69492450140137,25889.96642803136
2013,686.5508510899003,5005.5902474024015,0.0,0.0,50.0,468.403269459453,120.69492450140137,25889.96642803136
2014,686.5508510899003,5005.5902474024015,0.0,0.0,50.0,468.403269459453,120.69492450140137,25889.810293608207
2015,686.5508510899003,5005.5902474024015,0.0,0.0,50.0,468.403269459453,120.69492450140137,25889.73222639663
2016,684.2320681093129,4991.40726073423,0.0,0.0,50.0,466.1499181171558,122.67382028940418,25874.76173570416
2017,684.2320681093129,4991.40726073423,0.0,0.0,50.0,466.1499181171558,122.67382028940418,25874.68404405114
2018,684.2320681093128,4991.407260734228,0.0,0.0,50.0,466.14991811715583,122.67382028940419,25874.606352398117
2019,684.2320681093128,4991.407260734228,0.0,0.0,50.0,466.14991811715583,122.67382028940419,25874.528660745098
2020,685.3340941843818,4965.742979998247,0.0,0.0,50.0,468.403269459453,120.69492450140137,25848.27786602907
2021,685.3340941843818,4965.742979998247,0.0,0.0,50.0,468.403269459453,120.69492450140137,25848.199798817495
2022,683.0153112037943,4951.559993330075,0.0,0.0,50.0,466.14991811715583,122.67382028940418,25833.23156147637
2023,683.0153112037943,4951.559993330075,0.0,0.0,50.0,466.14991811715583,122.67382028940418,25833.15386982335
2024,683.0153112037943,4951.559993330075,0.0,0.0,50.0,466.14991811715583,122.67382028940418,25833.07617817033
2025,683.0153112037943,4951.559993330075,0.0,0.0,50.0,466.14991811715583,122.67382028940418,25832.99848651731
2026,683.0153112037943,4951.559993330075,0.0,0.0,50.0,466.14991811715583,122.67382028940418,25832.92079486429
2027,683.0153112037943,4951.559993330075,0.0,0.0,50.0,466.14991811715583,122.67382028940418,25832.84310321127
2028,683.0153112037943,4951.559993330075,0.0,0.0,50.0,466.14991811715583,122.67382028940418,25832.76541155825
2029,683.0153112037943,4951.559993330075,0.0,0.0,50.0,466.14991811715583,122.67382028940418,25832.687719905232
2030,683.0153112037943,4951.559993330075,0.0,0.0,50.0,466.14991811715583,122.67382028940418,25832.610028252213
2031,683.0153112037943,4951.559993330075,0.0,0.0,50.0,466.14991811715583,122.67382028940418,25832.532336599194
2032,683.0153112037943,4951.559993330075,0.0,0.0,50.0,466.14991811715583,122.67382028940418,25832.454644946174
2033,683.0153112037943,4951.559993330075,0.0,0.0,50.0,466.14991811715583,122.67382028940418,25832.376953293155
2034,683.0153112037943,4951.559993330075,0.0,0.0,50.0,466.14991811715583,122.67382028940418,25832.299261640135
2035,683.0153112037943,4951.559993330075,0.0,0.0,50.0,466.14991811715583,122.67382028940418,25832.221569987116
2036,683.0153112037943,4951.559993330075,0.0,0.0,50.0,466.14991811715583,122.67382028940418,25832.143878334096
2037,683.0153112037943,4951.559993330075,0.0,0.0,50.0,466.14991811715583,122.67382028940418,25832.066186681077
2038,686.2030668901238,5030.527202881846,0.0,0.0,49.0,468.5626475003976,118.75891727131855,25510.61539819252
2039,686.2030668901238,5030.527202881846,0.0,0.0,49.0,468.5626475003976,118.75891727131855,25510.53730441794
2040,686.2030668901238,5030.527202881846,0.0,0.0,49.0,468.5626475003976,118.75891727131855,25510.459210643356
2041,684.8178545469399,5053.966239632045,0.0,0.0,50.0,466.90300072098233,119.38470839097931,25932.79546551853
2042,684.8178545469399,5053.966239632045,0.0,0.0,50.0,466.90300072098233,119.38470839097931,25932.79546551853
2043,684.8178545469399,5053.966239632045,0.0,0.0,50.0,466.90300072098233,119.38470839097931,25932.717648351747
2044,684.8178545469399,5053.966239632045,0.0,0.0,50.0,466.90300072098233,119.38470839097931,25932.56201401817
2045,687.4198237956422,5071.371734323202,0.0,0.0,49.0,468.5626475003975,118.75891727131857,25552.13003011731
2046,687.4198237956422,5071.371734323202,0.0,0.0,49.0,468.5626475003975,118.75891727131857,25552.051936342727
2047,687.4198237956422,5071.371734323202,0.0,0.0,49.0,468.5626475003975,118.75891727131857,25551.973842568143
2048,687.4198237956422,5071.371734323202,0.0,0.0,49.0,468.5626475003975,118.75891727131857,25551.89574879356
2049,687.4198237956422,5071.371734323202,0.0,0.0,49.0,468.5626475003975,118.75891727131857,25551.817655018975
2050,687.4198237956422,5071.371734323202,0.0,0.0,49.0,468.5626475003975,118.75891727131857,25551.73956124439
2051,687.4198237956422,5071.371734323202,0.0,0.0,49.0,468.5626475003975,118.75891727131857,25551.66146746981
2052,687.4198237956422,5071.371734323202,0.0,0.0,49.0,468.5626475003975,118.75891727131857,25551.583373695226
2053,687.4198237956422,5071.371734323202,0.0,0.0,49.0,468.5626475003975,118.75891727131857,25551.505279920642
2054,687.4198237956423,5071.371734323202,0.0,0.0,49.0,468.56264750039753,118.75891727131857,25551.42718614606
2055,687.4198237956422,5071.371734323202,0.0,0.0,49.0,468.5626475003975,118.75891727131857,25551.349092371474
2056,687.4198237956422,5071.371734323202,0.0,0.0,49.0,468.5626475003975,118.75891727131857,25551.27099859689
2057,687.4198237956423,5071.371734323201,0.0,0.0,49.0,468.5626475003975,118.75891727131857,25551.192904822306
2058,687.4198237956423,5071.371734323201,0.0,0.0,49.0,468.5626475003975,118.75891727131857,25551.114811047726
2059,687.4198237956422,5071.371734323202,0.0,0.0,49.0,468.5626475003975,118.75891727131857,25551.036717273142
2060,687.4198237956423,5071.371734323202,0.0,0.0,49.0,468.56264750039753,118.75891727131857,25550.958623498558
2061,687.7516019010726,5069.309920207155,0.0,0.0,49.0,468.5626475003975,118.75891727131857,25549.150493713358
2062,687.7516019010726,5069.309920207155,0.0,0.0,49.0,468.5626475003975,118.75891727131857,25549.072399938774
2063,687.7516019010726,5069.309920207155,0.0,0.0,49.0,468.5626475003975,118.75891727131857,25548.99430616419
2064,687.7516019010726,5069.309920207155,0.0,0.0,49.0,468.5626475003975,118.75891727131857,25548.91621238961
2065,687.7516019010726,5069.309920207155,0.0,0.0,49.0,468.5626475003975,118.75891727131857,25548.838118615025
2066,687.7516019010726,5069.309920207155,0.0,0.0,49.0,468.5626475003975,118.75891727131857,25548.76002484044
2067,687.7516019010726,5069.309920207155,0.0,0.0,49.0,468.5626475003975,118.75891727131857,25548.681931065857
2068,687.7516019010726,5069.309920207155,0.0,0.0,49.0,468.5626475003975,118.75891727131857,25548.603837291274
2069,687.7516019010726,5069.309920207155,0.0,0.0,49.0,468.5626475003975,118.75891727131857,25548.52574351669
2070,687.7516019010726,5069.309920207155,0.0,0.0,49.0,468.5626475003975,118.75891727131857,25548.44764974211
2071,687.656650940522,5141.858514207484,0.0,0.0,51.0,468.56264750039753,118.75891727131857,26420.823199007304
2072,687.656650940522,5141.858514207484,0.0,0.0,51.0,468.56264750039753,118.75891727131857,26420.74510523272
2073,687.656650940522,5141.858514207484,0.0,0.0,51.0,468.56264750039753,118.75891727131857,26420.667011458136
2074,687.656650940522,5141.858514207484,0.0,0.0,51.0,468.56264750039753,118.75891727131857,26420.58891768355
2075,687.656650940522,5141.858514207484,0.0,0.0,51.0,468.56264750039753,118.75891727131857,26420.510823908968
2076,687.656650940522,5141.858514207484,0.0,0.0,51.0,468.56264750039753,118.75891727131857,26420.432730134384
2077,686.8434176923529,5109.289611121459,0.0,0.0,50.0,468.56264750039753,118.75891727131857,25986.97250002561
2078,686.8434176923529,5109.289611121459,0.0,0.0,50.0,468.56264750039753,118.75891727131857,25986.894406251027
2079,686.8434176923529,5109.289611121459,0.0,0.0,50.0,468.56264750039753,118.75891727131857,25986.816312476443
2080,686.8434176923529,5109.289611121459,0.0,0.0,50.0,468.56264750039753,118.75891727131857,25986.73821870186
2081,686.8434176923529,5109.289611121459,0.0,0.0,50.0,468.56264750039753,118.75891727131857,25986.660124927275
2082,686.8434176923529,5109.289611121459,0.0,0.0,50.0,468.56264750039753,118.75891727131857,25986.58203115269
2083,686.8434176923529,5109.289611121459,0.0,0.0,50.0,468.56264750039753,118.75891727131857,25986.50393737811
2084,686.8434176923529,5109.289611121459,0.0,0.0,50.0,468.56264750039753,118.75891727131857,25986.425843603527
2085,686.8434176923529,5109.289611121459,0.0,0.0,50.0,468.56264750039753,118.75891727131857,25986.347749828943
2086,687.6488723831408,5099.22997976504,0.0,0.0,50.0,469.52450501940194,116.83955005878542,25975.242635138256
2087,687.6488723831408,5099.22997976504,0.0,0.0,50.0,469.52450501940194,116.83955005878542,25975.164381054085
2088,687.6488723831408,5099.22997976504,0.0,0.0,50.0,469.52450501940194,116.83955005878542,25975.086126969916
2089,686.1388668477053,5084.881907683029,0.0,0.0,50.0,468.56264750039753,118.75891727131855,25960.923120447533
2090,686.1388668477053,5084.881907683029,0.0,0.0,50.0,468.56264750039753,118.75891727131855,25960.84502667295
2091,686.9443215384932,5076.812153067103,0.0,0.0,50.0,469.52450501940194,116.8395500587854,25951.728987174825
2092,686.9443215384932,5076.812153067103,0.0,0.0,50.0,469.52450501940194,116.8395500587854,25951.650733090653
2093,687.5531201840159,5105.321523393188,0.0,0.0,49.0,469.5891763486377,116.54555582203952,25580.406429890612
2094,687.5531201840159,5105.321523393188,0.0,0.0,49.0,469.5891763486377,116.54555582203952,25580.328165027888
2095,687.5531201840159,5105.321523393188,0.0,0.0,49.0,469.5891763486377,116.54555582203952,25580.249900165163
2096,687.5531201840159,5105.321523393188,0.0,0.0,49.0,469.5891763486377,116.54555582203952,25580.17163530244
2097,687.5531201840159,5105.321523393184,0.0,0.0,49.0,469.5891763486377,116.54555582203952,25580.09337043971
2098,687.5531201840159,5105.321523393184,0.0,0.0,49.0,469.5891763486377,116.54555582203952,25580.015105576986
2099,687.5531201840159,5105.321523393183,0.0,0.0,49.0,469.5891763486377,116.54555582203952,25579.936840714257
2100,687.5109000559594,5090.283620314548,0.0,0.0,49.0,469.1236669688941,117.46336750077539,25565.62643791662
2101,687.9521398698118,5249.207310949432,0.0,0.0,50.0,467.84570572389055,116.60666596585932,26123.8649983594
2102,688.3663534321848,5141.849809527612,0.0,0.0,50.0,469.5891763486377,116.54555582203955,26017.04356550868
2103,688.3663534321848,5141.849809527612,0.0,0.0,50.0,469.5891763486377,116.54555582203955,26016.965300645956
2104,688.3241333041283,5125.814642411759,0.0,0.0,50.0,469.1236669688941,117.46336750077542,26001.657944150684
2105,688.3241333041283,5125.814642411759,0.0,0.0,50.0,469.1236669688941,117.46336750077542,26001.579756872856
2106,686.939446782663,5042.999723420836,0.0,0.0,50.0,468.9695618273685,117.62872537363805,25917.444360289413
2107,686.939446782663,5042.999723420814,0.0,0.0,50.0,468.9695618273685,117.62872537363805,25917.366198695756
2108,686.8972266546065,5026.964556304984,0.0,0.0,50.0,468.5040524476249,118.54421057768644,25902.05692933449
2109,686.8972266546065,5026.964556304963,0.0,0.0,50.0,468.50405244762493,118.54421057768643,25901.978845325724
2110,686.8972266546065,5026.964556304963,0.0,0.0,50.0,468.50405244762493,118.54421057768643,25901.900761316985
2111,686.8972266546065,5026.964556304963,0.0,0.0,50.0,468.50405244762493,118.54421057768643,25901.822677308242
2112,686.8972266546065,5026.964556304963,0.0,0.0,50.0,468.50405244762493,118.54421057768643,25901.744593299503
2113,686.8972266546065,5026.964556304963,0.0,0.0,50.0,468.5040524476249,118.54421057768644,25901.66650929076
2114,686.8972266546065,5026.964556304963,0.0,0.0,50.0,468.5040524476249,118.54421057768644,25901.588425282018
2115,686.8972266546064,5026.964556304961,0.0,0.0,50.0,468.5040524476249,118.54421057768643,25901.51034127328
2116,686.8972266546064,5026.964556304961,0.0,0.0,50.0,468.5040524476249,118.54421057768643,25901.432257264536
2117,686.8972266546065,5026.964556304963,0.0,0.0,50.0,468.50405244762493,118.54421057768643,25901.354173255797
2118,686.8972266546065,5026.964556304963,0.0,0.0,50.0,468.50405244762493,118.54421057768643,25901.276089247054
2119,686.8972266546065,5026.964556304963,0.0,0.0,50.0,468.5040524476249,118.54421057768644,25901.19800523831
2120,686.8972266546064,5026.964556304961,0.0,0.0,50.0,468.5040524476249,118.54421057768643,25901.119921229572
2121,686.8972266546062,5026.964556304963,0.0,0.0,50.0,468.50405244762493,118.54421057768643,25901.04183722083
2122,686.8972266546064,5026.964556304961,0.0,0.0,50.0,468.5040524476249,118.54421057768643,25900.96375321209
2123,686.8972266546065,5026.964556304963,0.0,0.0,50.0,468.5040524476249,118.54421057768644,25900.885669203348
2124,686.8972266546062,5026.964556304962,0.0,0.0,50.0,468.504052447625,118.54421057768643,25900.807585194605
2125,686.8972266546065,5026.964556304963,0.0,0.0,50.0,468.5040524476249,118.54421057768644,25900.729501185866
2126,686.8972266546065,5026.964556304963,0.0,0.0,50.0,468.5040524476249,118.54421057768644,25900.651417177123
2127,686.8972266546062,5026.964556304963,0.0,0.0,50.0,468.50405244762493,118.54421057768643,25900.573333168384
2128,689.5439939992581,5016.192891529531,0.0,0.0,50.0,470.3107705573165,116.38374759182801,25890.47246510828
2129,689.5439939992581,5016.192891529531,0.0,0.0,50.0,470.3107705573165,116.38374759182801,25890.394079979855
2130,689.5439939992579,5016.19289152953,0.0,0.0,50.0,470.3107705573166,116.38374759182801,25890.315694851422
2131,689.1950347065109,5023.83504837083,0.0,0.0,51.0,470.3107705573165,116.38374759182801,26297.530507271553
2132,689.1950347065109,5023.83504837083,0.0,0.0,51.0,470.3107705573165,116.38374759182801,26297.452122143128
2133,689.1950347065109,5023.83504837083,0.0,0.0,51.0,470.3107705573165,116.38374759182801,26297.3737370147
2134,689.1950347065109,5023.835048370831,0.0,0.0,51.0,470.3107705573165,116.38374759182801,26297.295351886274
2135,689.1950347065109,5023.835048370831,0.0,0.0,51.0,470.3107705573165,116.38374759182801,26297.216966757846
2136,689.1950347065109,5023.835048370831,0.0,0.0,51.0,470.3107705573165,116.38374759182801,26297.13858162942
2137,689.1950347065109,5023.835048370831,0.0,0.0,51.0,470.3107705573165,116.38374759182801,26297.060196500996
2138,689.7808211441377,4985.005457221912,0.0,0.0,51.0,470.72343245866136,114.05694740222911,26256.470492231507
2139,689.7808211441377,4985.005457221912,0.0,0.0,51.0,470.72343245866136,114.05694740222911,26256.3920383261
2140,689.7808211441377,4985.005457221912,0.0,0.0,51.0,470.72343245866136,114.05694740222911,26256.313584420688
2141,690.112599249568,4983.940907143079,0.0,0.0,51.0,470.72343245866136,114.05694740222911,26255.502358541875
2142,689.2762176927754,4954.579710103456,0.0,0.0,51.0,470.78114040895366,113.75540499897261,26224.933035873684
2143,689.2762176927754,4954.579710103456,0.0,0.0,51.0,470.78114040895366,113.75540499897261,26224.854572350283
2144,689.6079957982057,4953.515160024623,0.0,0.0,51.0,470.78114040895366,113.75540499897261,26224.04333685348
2145,689.6079957982057,4953.515160024623,0.0,0.0,51.0,470.78114040895366,113.75540499897261,26223.96487333008
2146,689.6079957982057,4953.515160024623,0.0,0.0,51.0,470.78114040895366,113.75540499897261,26223.886409806677
2147,689.0222093605787,4951.141688038106,0.0,0.0,51.0,470.51385950726285,115.11550481558092,26222.17078924088
2148,689.9569550909534,4976.7361973862535,0.0,0.0,50.0,470.78114040895366,113.75540499897261,25847.299479414254
2149,689.9569550909534,4976.7361973862535,0.0,0.0,50.0,470.78114040895366,113.75540499897261,25847.221015890853
2150,689.9569550909534,4976.7361973862535,0.0,0.0,50.0,470.78114040895366,113.75540499897261,25847.14255236745
2151,689.9569550909534,4976.7361973862535,0.0,0.0,50.0,470.78114040895366,113.75540499897261,25847.06408884405
2152,689.9569550909534,4976.7361973862535,0.0,0.0,50.0,470.78114040895366,113.75540499897261,25846.98562532065
2153,689.9569550909534,4976.7361973862535,0.0,0.0,50.0,470.78114040895366,113.75540499897261,25846.907161797248
2154,689.9569550909534,4976.7361973862535,0.0,0.0,50.0,470.78114040895366,113.75540499897261,25846.828698273843
2155,689.9569550909534,4976.7361973862535,0.0,0.0,50.0,470.78114040895366,113.75540499897261,25846.75023475044
2156,689.9569550909534,4976.7361973862535,0.0,0.0,50.0,470.78114040895366,113.75540499897261,25846.67177122704
2157,689.9569550909532,4976.736197386255,0.0,0.0,50.0,470.78114040895366,113.75540499897261,25846.59330770364
2158,689.9569550909534,4976.7361973862535,0.0,0.0,50.0,470.78114040895366,113.75540499897261,25846.514844180238
2159,689.9569550909534,4976.7361973862535,0.0,0.0,50.0,470.78114040895366,113.75540499897261,25846.436380656836
2160,689.9569550909534,4976.7361973862535,0.0,0.0,50.0,470.78114040895366,113.75540499897261,25846.357917133435
2161,689.6251769855229,4977.800747465076,0.0,0.0,50.0,470.78114040895366,113.75540499897262,25847.012225583425
2162,689.6251769855229,4977.800747465076,0.0,0.0,50.0,470.78114040895366,113.75540499897262,25846.933762060024
2163,689.6251769855229,4977.800747465076,0.0,0.0,50.0,470.78114040895366,113.75540499897262,25846.855298536622
2164,689.6251769855229,4977.800747465076,0.0,0.0,50.0,470.78114040895366,113.75540499897262,25846.77683501322
2165,689.6251769855229,4977.800747465076,0.0,0.0,50.0,470.78114040895366,113.75540499897262,25846.69837148982
2166,689.6251769855229,4977.800747465076,0.0,0.0,50.0,470.78114040895366,113.75540499897262,25846.61990796642
2167,689.9569550909534,4976.736197386242,0.0,0.0,50.0,470.78114040895366,113.75540499897262,25845.80867246961
2168,689.9569550909534,4976.736197386242,0.0,0.0,50.0,470.78114040895366,113.75540499897262,25845.73020894621
2169,689.9569550909534,4976.736197386242,0.0,0.0,50.0,470.78114040895366,113.75540499897262,25845.65174542281
2170,689.9569550909534,4976.736197386242,0.0,0.0,50.0,470.78114040895366,113.75540499897262,25845.573281899407
2171,689.9569550909534,4976.736197386242,0.0,0.0,50.0,470.78114040895366,113.75540499897262,25845.494818376006
2172,689.9569550909534,4976.736197386242,0.0,0.0,50.0,470.78114040895366,113.75540499897262,25845.416354852605
2173,689.9569550909534,4976.736197386242,0.0,0.0,50.0,470.78114040895366,113.75540499897262,25845.3378913292
2174,689.9569550909534,4976.736197386242,0.0,0.0,50.0,470.78114040895366,113.75540499897262,25845.2594278058
2175,685.5101527850769,4957.021816416344,0.0,0.0,50.0,469.67021617017906,124.71200605987632,25831.823629984694
2176,685.5101527850769,4957.021816416344,0.0,0.0,50.0,469.67021617017906,124.71200605987632,25831.745351615333
2177,685.5101527850769,4957.021816416344,0.0,0.0,50.0,469.67021617017906,124.71200605987632,25831.66707324597
2178,685.5101527850769,4957.021816416344,0.0,0.0,50.0,469.67021617017906,124.71200605987632,25831.58879487661
2179,685.5101527850769,4957.021816416344,0.0,0.0,50.0,469.67021617017906,124.71200605987632,25831.51051650725
2180,683.961617774128,4918.2390990910235,0.0,0.0,50.0,469.67021617017906,124.7120060598763,25791.10098580162
2181,683.961617774128,4918.2390990910235,0.0,0.0,50.0,469.67021617017906,124.7120060598763,25791.10098580162
2182,683.961617774128,4918.2390990910235,0.0,0.0,50.0,469.67021617017906,124.7120060598763,25790.944429062893
2183,683.961617774128,4918.2390990910235,0.0,0.0,50.0,469.67021617017906,124.7120060598763,25790.86615069353
2184,683.961617774128,4918.2390990910235,0.0,0.0,50.0,469.67021617017906,124.7120060598763,25790.78787232417
2185,683.961617774128,4918.2390990910235,0.0,0.0,50.0,469.67021617017906,124.7120060598763,25790.70959395481
2186,683.961617774128,4918.2390990910235,0.0,0.0,50.0,469.67021617017906,124.7120060598763,25790.631315585448
2187,683.961617774128,4918.2390990910235,0.0,0.0,50.0,469.67021617017906,124.7120060598763,25790.553037216087
2188,683.961617774128,4918.2390990910235,0.0,0.0,50.0,469.67021617017906,124.7120060598763,25790.474758846725
2189,683.961617774128,4918.2390990910235,0.0,0.0,50.0,469.67021617017906,124.7120060598763,25790.39648047736
2190,683.961617774128,4918.2390990910235,0.0,0.0,50.0,469.67021617017906,124.7120060598763,25790.318202108
2191,684.7329091019872,4916.737623411598,0.0,0.0,50.0,469.7708326738749,122.72498369196911,25787.53628347775
2192,684.7329091019872,4916.737623411598,0.0,0.0,50.0,469.7708326738749,122.72498369196911,25787.45798833897
2193,684.3186955396139,4833.231782098301,0.0,0.0,50.0,468.4903603356189,126.76437477772191,25707.32680588078
2194,684.3186955396139,4833.231782098279,0.0,0.0,50.0,468.4903603356189,126.76437477772193,25707.248724154037
2195,684.6504736450444,4832.167232019447,0.0,0.0,50.0,468.4903603356189,126.76437477772193,25706.43787045391
2196,684.6504736450444,4832.167232019447,0.0,0.0,50.0,468.4903603356189,126.76437477772193,25706.359788727186
2197,684.6504736450444,4832.167232019447,0.0,0.0,50.0,468.4903603356189,126.76437477772193,25706.281707000464
2198,684.6504736450444,4832.167232019447,0.0,0.0,50.0,468.4903603356189,126.76437477772193,25706.20362527374
2199,684.6504736450444,4832.167232019447,0.0,0.0,50.0,468.4903603356189,126.76437477772193,25706.12554354702
2200,684.6504736450444,4832.167232019447,0.0,0.0,50.0,468.4903603356189,126.76437477772193,25706.047461820297
2201,684.6504736450444,4832.167232019447,0.0,0.0,50.0,468.4903603356189,126.76437477772193,25705.969380093575
2202,684.6504736450444,4832.167232019447,0.0,0.0,50.0,468.4903603356189,126.76437477772193,25705.891298366852
2203,684.6504736450444,4832.167232019446,0.0,0.0,50.0,468.4903603356189,126.76437477772193,25705.813216640126
2204,684.6504736450444,4832.167232019446,0.0,0.0,50.0,468.4903603356189,126.76437477772193,25705.735134913404
2205,684.6504736450445,4832.167232019445,0.0,0.0,50.0,468.49036033561896,126.76437477772191,25705.657053186682
2206,684.6504736450444,4832.167232019446,0.0,0.0,50.0,468.4903603356189,126.76437477772193,25705.57897145996
2207,684.4923809594897,4822.322741193489,0.0,0.0,50.0,468.18705936261233,128.34881408807647,25697.04265925348
2208,684.4923809594897,4822.322741193489,0.0,0.0,50.0,468.18705936261233,128.34881408807647,25696.96462807692
2209,684.4923809594897,4822.322741193489,0.0,0.0,50.0,468.18705936261233,128.34881408807647,25696.886596900356
2210,684.4923809594897,4822.322741193489,0.0,0.0,50.0,468.18705936261233,128.34881408807647,25696.808565723797
2211,684.4923809594898,4822.322741193487,0.0,0.0,50.0,468.1870593626124,128.34881408807644,25696.730534547238
2212,686.1467310563806,4821.557726957942,0.0,0.0,50.0,466.7651444480525,116.41789713553507,25685.424177454035
2213,686.1467310563806,4821.557726957942,0.0,0.0,50.0,466.7651444480525,116.41789713553507,25685.424177454035
2214,685.9886383708259,4811.713236131984,0.0,0.0,50.0,466.46184347504595,118.00233644588961,25676.810712443934
2215,685.9886383708259,4811.713236131984,0.0,0.0,50.0,466.46184347504595,118.00233644588964,25676.732968803353
2216,685.9886383708259,4811.713236131982,0.0,0.0,50.0,466.46184347504595,118.00233644588964,25676.65522516277
2217,682.3580595109138,4712.923115838076,0.0,0.0,50.0,468.18705936261233,128.3488140880765,25584.728400683885
2218,683.8543169222501,4702.313610776571,0.0,0.0,50.0,466.46184347504595,118.00233644588967,25564.965791077626
2219,683.8543169222501,4702.313610776571,0.0,0.0,50.0,466.46184347504595,118.00233644588967,25564.888047437045
2220,683.8543169222501,4702.313610776571,0.0,0.0,50.0,466.46184347504595,118.00233644588967,25564.81030379647
2221,685.6568602653957,4817.968957341225,0.0,0.0,50.0,466.46184347504595,118.00233644588964,25682.19045006369
2222,685.6568602653957,4817.968957341225,0.0,0.0,50.0,466.46184347504595,118.00233644588964,25682.11270642311
2223,685.6568602653957,4817.968957341225,0.0,0.0,50.0,466.46184347504595,118.00233644588964,25682.03496278253
2224,685.6568602653954,4817.968957341225,0.0,0.0,50.0,466.46184347504595,118.00233644588964,25681.957219141947
2225,685.6568602653954,4817.968957341225,0.0,0.0,50.0,466.46184347504595,118.00233644588964,25681.87947550137
2226,685.6568602653954,4817.968957341225,0.0,0.0,50.0,466.46184347504595,118.00233644588964,25681.80173186079
2227,685.6568602653954,4817.968957341225,0.0,0.0,50.0,466.46184347504595,118.00233644588964,25681.723988220212
2228,685.6568602653954,4817.968957341225,0.0,0.0,50.0,466.46184347504595,118.00233644588964,25681.64624457963
2229,684.3147997429356,4817.968957341225,0.0,0.0,50.0,464.9265346288589,119.47835147457927,25681.50516825855
2230,684.3147997429353,4817.968957341225,0.0,0.0,50.0,464.9265346288589,119.47835147457927,25681.427680502777
2231,684.3147997429353,4817.968957341225,0.0,0.0,50.0,464.9265346288589,119.47835147457927,25681.350192747002
2232,684.3147997429353,4817.968957341225,0.0,0.0,50.0,464.9265346288589,119.47835147457927,25681.272704991232
2233,684.3147997429353,4817.968957341225,0.0,0.0,50.0,464.9265346288589,119.47835147457927,25681.19521723546
2234,684.3147997429353,4817.968957341225,0.0,0.0,50.0,464.9265346288589,119.47835147457927,25681.11772947969
2235,684.3147997429353,4817.968957341225,0.0,0.0,50.0,464.9265346288589,119.47835147457927,25681.040241723917
2236,684.3147997429353,4817.968957341225,0.0,0.0,50.0,464.9265346288589,119.47835147457927,25680.962753968146
2237,684.3147997429353,4817.968957341225,0.0,0.0,50.0,464.9265346288589,119.47835147457927,25680.885266212375
2238,684.3147997429353,4817.968957341225,0.0,0.0,50.0,464.9265346288589,119.47835147457927,25680.807778456605
2239,684.3147997429353,4817.968957341225,0.0,0.0,50.0,464.9265346288589,119.47835147457927,25680.73029070083
2240,684.3147997429353,4817.968957341225,0.0,0.0,50.0,464.9265346288589,119.47835147457927,25680.65280294506
2241,684.3147997429353,4817.968957341225,0.0,0.0,50.0,464.9265346288589,119.47835147457927,25680.57531518929
2242,684.3147997429353,4817.968957341225,0.0,0.0,50.0,464.9265346288589,119.47835147457927,25680.497827433515
2243,684.3147997429353,4817.968957341225,0.0,0.0,50.0,464.9265346288589,119.47835147457927,25680.420339677745
2244,684.3147997429353,4817.968957341225,0.0,0.0,50.0,464.9265346288589,119.47835147457927,25680.342851921974
2245,684.3147997429353,4817.968957341225,0.0,0.0,50.0,464.9265346288589,119.47835147457927,25680.265364166204
2246,684.3147997429353,4817.968957341225,0.0,0.0,50.0,464.9265346288589,119.47835147457927,25680.18787641043
2247,684.3147997429353,4817.968957341225,0.0,0.0,50.0,464.9265346288589,119.47835147457927,25680.11038865466
2248,684.3147997429353,4817.968957341225,0.0,0.0,50.0,464.9265346288589,119.47835147457927,25680.03290089889
2249,684.6465778483656,4811.713236131981,0.0,0.0,50.0,464.9265346288589,119.47835147457927,25674.031470039306
2250,684.6465778483656,4811.713236131981,0.0,0.0,50.0,464.9265346288589,119.47835147457927,25673.953982283532
2251,685.961599947292,4983.213734832155,0.0,0.0,52.0,464.9265346288589,119.47835147457927,26646.692015326862
2252,683.7290133053085,4901.308230100966,0.0,0.0,50.0,466.05582978321917,115.81841055237865,25758.957280738294
2253,684.3147997429354,4817.968957341225,0.0,0.0,50.0,464.88994798721524,119.61907643732174,25679.781632045888
2254,684.3147997429353,4817.968957341224,0.0,0.0,50.0,464.9265346288589,119.47835147457927,25679.567974364258
2255,684.3147997429353,4817.968957341224,0.0,0.0,50.0,464.9265346288589,119.47835147457927,25679.490486608487
2256,684.3147997429353,4817.968957341224,0.0,0.0,50.0,464.9265346288589,119.47835147457927,25679.412998852717
2257,684.3147997429353,4817.968957341224,0.0,0.0,50.0,464.9265346288589,119.47835147457927,25679.335511096946
2258,684.3147997429353,4817.968957341224,0.0,0.0,50.0,464.9265346288589,119.47835147457927,25679.25802334117
2259,684.3147997429353,4817.968957341224,0.0,0.0,50.0,464.9265346288589,119.47835147457927,25679.1805355854
2260,684.3147997429353,4817.968957341224,0.0,0.0,50.0,464.9265346288589,119.47835147457927,25679.10304782963
2261,684.3147997429353,4817.968957341224,0.0,0.0,50.0,464.9265346288589,119.47835147457927,25679.02556007386
2262,684.3147997429353,4817.968957341224,0.0,0.0,50.0,464.9265346288589,119.47835147457927,25678.948072318086
2263,684.3147997429353,4817.968957341224,0.0,0.0,50.0,464.9265346288589,119.47835147457927,25678.870584562315
2264,684.3147997429353,4817.968957341224,0.0,0.0,50.0,464.9265346288589,119.47835147457927,25678.793096806545
2265,684.6465778483656,4811.71323613198,0.0,0.0,50.0,464.9265346288589,119.47835147457927,25672.79166594696
2266,684.6465778483656,4811.71323613198,0.0,0.0,50.0,464.9265346288589,119.47835147457927,25672.714178191185
2267,684.6465778483656,4811.71323613198,0.0,0.0,50.0,464.9265346288589,119.47835147457927,25672.636690435414
2268,684.6465778483656,4811.71323613198,0.0,0.0,50.0,464.9265346288589,119.47835147457927,25672.559202679644
2269,684.6465778483656,4811.71323613198,0.0,0.0,50.0,464.9265346288589,119.47835147457927,25672.481714923873
2270,684.6465778483656,4811.71323613198,0.0,0.0,50.0,464.9265346288589,119.47835147457927,25672.4042271681
2271,684.6465778483656,4811.71323613198,0.0,0.0,50.0,464.9265346288589,119.47835147457927,25672.32673941233
2272,684.6465778483656,4811.71323613198,0.0,0.0,50.0,464.9265346288589,119.47835147457927,25672.249251656558
2273,684.6465778483656,4811.71323613198,0.0,0.0,50.0,464.9265346288589,119.47835147457927,25672.171763900787
2274,684.6465778483656,4811.71323613198,0.0,0.0,50.0,464.9265346288589,119.47835147457927,25672.094276145013
2275,684.6465778483656,4811.71323613198,0.0,0.0,50.0,464.9265346288589,119.47835147457927,25672.016788389243
2276,684.6465778483656,4811.71323613198,0.0,0.0,50.0,464.9265346288589,119.47835147457927,25671.939300633472
2277,684.6465778483656,4811.71323613198,0.0,0.0,50.0,464.9265346288589,119.47835147457927,25671.8618128777
2278,684.6465778483656,4811.71323613198,0.0,0.0,50.0,464.9265346288589,119.47835147457927,25671.784325121927
2279,684.6465778483656,4811.71323613198,0.0,0.0,50.0,464.9265346288589,119.47835147457927,25671.706837366157
2280,684.6465778483656,4811.71323613198,0.0,0.0,50.0,464.9265346288589,119.47835147457927,25671.629349610386
2281,685.961599947292,4983.213734832155,0.0,0.0,52.0,464.9265346288589,119.47835147457927,26644.36738265372
2282,685.961599947292,4983.213734832155,0.0,0.0,52.0,464.9265346288589,119.47835147457927,26644.289894897945
2283,685.961599947292,4983.213734832155,0.0,0.0,52.0,464.9265346288589,119.47835147457927,26644.212407142175
2284,684.7290133053085,5061.891321430686,0.0,0.0,50.0,464.40811892763656,123.1227282970134,25925.162431891706
2285,682.7290133053085,4872.834105336748,0.0,0.0,50.0,465.4452979045062,116.77416411060337,25727.802847419614
2286,684.3147997429353,4817.968957341225,0.0,0.0,50.0,464.92653462885886,119.47835147457927,25677.08836617957
2287,684.3147997429353,4817.968957341225,0.0,0.0,50.0,464.92653462885886,119.47835147457927,25677.0108784238
2288,684.3147997429353,4817.968957341224,0.0,0.0,50.0,464.9265346288589,119.47835147457927,25676.93339066803
2289,684.3147997429353,4817.968957341225,0.0,0.0,50.0,464.92653462885886,119.47835147457927,25676.85590291226
2290,684.3147997429353,4817.968957341225,0.0,0.0,50.0,464.92653462885886,119.47835147457927,25676.778415156485
2291,684.3147997429353,4817.968957341225,0.0,0.0,50.0,464.92653462885886,119.47835147457927,25676.700927400714
2292,684.3147997429353,4817.968957341225,0.0,0.0,50.0,464.92653462885886,119.47835147457927,25676.623439644944
2293,684.3147997429353,4817.968957341224,0.0,0.0,50.0,464.9265346288589,119.47835147457927,25676.545951889173
2294,684.3147997429353,4817.968957341224,0.0,0.0,50.0,464.9265346288589,119.47835147457927,25676.4684641334
2295,682.3983549385405,4693.0121324829315,0.0,0.0,50.0,462.76875055223104,123.70521749923475,25553.491033110593
2296,682.3983549385405,4693.0121324829315,0.0,0.0,50.0,462.76875055223104,123.70521749923475,25553.4139049855
2297,682.3983549385405,4693.012132482932,0.0,0.0,50.0,462.76875055223104,123.70521749923475,25553.33677686041
2298,682.3983549385405,4693.0121324829315,0.0,0.0,50.0,462.76875055223104,123.70521749923475,25553.25964873532
2299,682.3983549385405,4693.012132482932,0.0,0.0,50.0,462.76875055223104,123.70521749923475,25553.182520610226
2300,682.3983549385405,4693.0121324829315,0.0,0.0,50.0,462.76875055223104,123.70521749923475,25553.105392485133
2301,682.3983549385405,4693.012132482932,0.0,0.0,50.0,462.76875055223104,123.70521749923475,25553.02826436004
2302,682.3983549385405,4693.012132482932,0.0,0.0,50.0,462.76875055223104,123.70521749923475,25552.95113623495
2303,682.3983549385405,4693.0121324829315,0.0,0.0,50.0,462.76875055223104,123.70521749923475,25552.87400810986
2304,682.3983549385405,4693.012132482932,0.0,0.0,50.0,462.76875055223104,123.70521749923475,25552.796879984766
2305,682.3983549385405,4693.012132482932,0.0,0.0,50.0,462.76875055223104,123.70521749923475,25552.719751859673
2306,682.3983549385405,4693.012132482932,0.0,0.0,50.0,462.76875055223104,123.70521749923475,25552.64262373458
2307,682.3983549385405,4693.012132482932,0.0,0.0,50.0,462.76875055223104,123.70521749923475,25552.565495609488
2308,682.3983549385405,4693.012132482932,0.0,0.0,50.0,462.76875055223104,123.70521749923475,25552.4883674844
2309,682.3983549385405,4693.012132482932,0.0,0.0,50.0,462.76875055223104,123.70521749923475,25552.411239359306
2310,682.3983549385405,4693.012132482932,0.0,0.0,50.0,462.76875055223104,123.70521749923475,25552.334111234213
2311,684.0451551428972,4858.25690997386,0.0,0.0,52.0,462.7687505522311,123.70521749923475,26519.148560804406
2312,680.2267820632869,4947.0535753397435,0.0,0.0,50.0,459.52801974117756,132.01810263117778,25811.99100629786
2313,682.3983549385406,4693.0121324829315,0.0,0.0,50.0,462.7687505522311,123.70521749923476,25552.10272685894
2314,682.3983549385406,4693.0121324829315,0.0,0.0,50.0,462.7687505522311,123.70521749923476,25552.025598733846
2315,682.3983549385406,4693.0121324829315,0.0,0.0,50.0,462.7687505522311,123.70521749923476,25551.948470608753
2316,682.3983549385406,4693.0121324829315,0.0,0.0,50.0,462.7687505522311,123.70521749923476,25551.87134248366
2317,682.3983549385406,4693.012132482929,0.0,0.0,50.0,462.7687505522311,123.70521749923475,25551.794214358564
2318,682.3983549385406,4693.012132482929,0.0,0.0,50.0,462.7687505522311,123.70521749923475,25551.717086233475
2319,682.3983549385406,4693.012132482929,0.0,0.0,50.0,462.7687505522311,123.70521749923475,25551.639958108382
2320,682.3983549385406,4693.012132482929,0.0,0.0,50.0,462.7687505522311,123.70521749923475,25551.56282998329
2321,682.3983549385406,4693.012132482929,0.0,0.0,50.0,462.7687505522311,123.70521749923475,25551.485701858197
2322,682.3983549385406,4693.012132482929,0.0,0.0,50.0,462.7687505522311,123.70521749923475,25551.408573733104
2323,682.3983549385406,4693.012132482929,0.0,0.0,50.0,462.7687505522311,123.70521749923475,25551.33144560801
2324,682.3983549385406,4693.012132482929,0.0,0.0,50.0,462.7687505522311,123.70521749923475,25551.254317482922
2325,682.3983549385406,4693.012132482929,0.0,0.0,50.0,462.7687505522311,123.70521749923475,25551.17718935783
2326,682.3983549385406,4693.012132482929,0.0,0.0,50.0,462.7687505522311,123.70521749923475,25551.100061232737
2327,682.3983549385406,4693.012132482929,0.0,0.0,50.0,462.7687505522311,123.70521749923475,25551.022933107644
2328,682.3983549385406,4693.012132482929,0.0,0.0,50.0,462.7687505522311,123.70521749923475,25550.94580498255
2329,682.7301330439709,4686.7564112736845,0.0,0.0,50.0,462.7687505522311,123.70521749923476,25544.944733753648
2330,682.7301330439709,4686.7564112736845,0.0,0.0,50.0,462.7687505522311,123.70521749923476,25544.867605628555
2331,681.1603295787063,4679.290587423241,0.0,0.0,50.0,464.5356510705955,131.56909354369657,25543.81573564002
2332,681.1603295787063,4679.290587423241,0.0,0.0,50.0,464.5356510705955,131.56909354369657,25543.738313031507
2333,681.4921076841366,4673.034866213997,0.0,0.0,50.0,464.5356510705955,131.56909354369657,25537.73694731918
2334,681.4921076841366,4673.034866213997,0.0,0.0,50.0,464.5356510705955,131.56909354369657,25537.659524710667
2335,681.4921076841366,4673.034866213997,0.0,0.0,50.0,464.5356510705955,131.56909354369657,25537.582102102155
2336,681.4921076841366,4673.034866213997,0.0,0.0,50.0,464.5356510705955,131.56909354369657,25537.504679493642
2337,681.4921076841366,4673.034866213997,0.0,0.0,50.0,464.5356510705955,131.56909354369657,25537.42725688513
2338,681.4921076841366,4673.034866213997,0.0,0.0,50.0,464.5356510705955,131.56909354369657,25537.34983427662
2339,681.4921076841366,4673.034866213997,0.0,0.0,50.0,464.5356510705955,131.56909354369657,25537.27241166811
2340,681.4921076841366,4673.034866213993,0.0,0.0,50.0,464.5356510705956,131.56909354369657,25537.194989059593
2341,681.1603295787065,4679.290587423242,0.0,0.0,50.0,464.5356510705955,131.56909354369657,25543.0415095549
2342,681.1603295787065,4679.290587423242,0.0,0.0,50.0,464.5356510705955,131.56909354369657,25542.964086946387
2343,681.1603295787065,4679.290587423242,0.0,0.0,50.0,464.5356510705955,131.56909354369657,25542.886664337875
2344,681.1603295787065,4679.290587423242,0.0,0.0,50.0,464.5356510705955,131.56909354369657,25542.809241729363
2345,681.1603295787065,4679.290587423242,0.0,0.0,50.0,464.5356510705955,131.56909354369657,25542.731819120854
2346,681.1603295787065,4679.290587423242,0.0,0.0,50.0,464.5356510705955,131.56909354369657,25542.654396512342
2347,681.1603295787065,4679.290587423242,0.0,0.0,50.0,464.5356510705955,131.56909354369657,25542.57697390383
2348,681.1603295787065,4679.290587423242,0.0,0.0,50.0,464.5356510705955,131.56909354369657,25542.499551295317
2349,681.1603295787065,4679.290587423242,0.0,0.0,50.0,464.5356510705955,131.56909354369657,25542.422128686805
2350,681.1603295787065,4679.290587423242,0.0,0.0,50.0,464.5356510705955,131.56909354369657,25542.344706078293
2351,681.1603295787065,4679.290587423242,0.0,0.0,50.0,464.5356510705955,131.56909354369657,25542.26728346978
2352,681.1603295787065,4679.290587423242,0.0,0.0,50.0,464.5356510705955,131.56909354369657,25542.189860861272
2353,681.1603295787065,4679.290587423242,0.0,0.0,50.0,464.5356510705955,131.56909354369657,25542.11243825276
2354,681.1603295787065,4679.290587423242,0.0,0.0,50.0,464.5356510705955,131.56909354369657,25542.035015644247
2355,681.1603295787065,4679.290587423242,0.0,0.0,50.0,464.5356510705955,131.56909354369657,25541.957593035735
2356,681.1603295787065,4679.29058742324,0.0,0.0,50.0,464.53565107059546,131.56909354369657,25541.88017042722
2357,681.1603295787065,4679.29058742324,0.0,0.0,50.0,464.53565107059546,131.56909354369657,25541.802747818707
2358,681.1603295787065,4679.29058742324,0.0,0.0,50.0,464.53565107059546,131.56909354369657,25541.725325210195
2359,681.1603295787065,4679.29058742324,0.0,0.0,50.0,464.53565107059546,131.56909354369657,25541.647902601686
2360,681.1603295787065,4679.29058742324,0.0,0.0,50.0,464.53565107059546,131.56909354369657,25541.570479993174
2361,681.1603295787065,4679.29058742324,0.0,0.0,50.0,464.53565107059546,131.56909354369657,25541.49305738466
2362,681.1603295787065,4679.29058742324,0.0,0.0,50.0,464.53565107059546,131.56909354369657,25541.41563477615
2363,681.1603295787065,4679.29058742324,0.0,0.0,50.0,464.53565107059546,131.56909354369657,25541.338212167637
2364,681.1603295787065,4679.29058742324,0.0,0.0,50.0,464.53565107059546,131.56909354369657,25541.260789559125
2365,681.1603295787065,4679.29058742324,0.0,0.0,50.0,464.53565107059546,131.56909354369657,25541.183366950612
2366,681.1603295787065,4679.29058742324,0.0,0.0,50.0,464.53565107059546,131.56909354369657,25541.105944342104
2367,681.1603295787065,4679.29058742324,0.0,0.0,50.0,464.53565107059546,131.56909354369657,25541.02852173359
2368,681.1603295787065,4679.29058742324,0.0,0.0,50.0,464.53565107059546,131.56909354369657,25540.95109912508
2369,681.1603295787065,4679.29058742324,0.0,0.0,50.0,464.53565107059546,131.56909354369657,25540.873676516567
2370,681.1603295787065,4679.29058742324,0.0,0.0,50.0,464.53565107059546,131.56909354369657,25540.796253908054
2371,681.1603295787065,4679.290587423242,0.0,0.0,50.0,464.5356510705955,131.56909354369657,25540.718831299546
2372,681.1603295787065,4679.290587423242,0.0,0.0,50.0,464.5356510705955,131.56909354369657,25540.641408691034
2373,681.1603295787065,4679.290587423242,0.0,0.0,50.0,464.5356510705955,131.56909354369657,25540.563986082525
2374,681.1603295787065,4679.290587423242,0.0,0.0,50.0,464.5356510705955,131.56909354369657,25540.486563474013
2375,681.1603295787065,4679.290587423242,0.0,0.0,50.0,464.5356510705955,131.56909354369657,25540.4091408655
2376,681.1603295787065,4679.290587423242,0.0,0.0,50.0,464.5356510705955,131.56909354369657,25540.331718256988
2377,681.1603295787065,4679.290587423242,0.0,0.0,50.0,464.5356510705955,131.56909354369657,25540.254295648476
2378,681.1603295787065,4679.290587423242,0.0,0.0,50.0,464.5356510705955,131.56909354369657,25540.176873039964
2379,681.1603295787065,4679.290587423242,0.0,0.0,50.0,464.5356510705955,131.56909354369657,25540.09945043145
2380,681.1603295787065,4679.290587423242,0.0,0.0,50.0,464.5356510705955,131.56909354369657,25540.022027822943
2381,681.1603295787065,4679.290587423242,0.0,0.0,50.0,464.5356510705955,131.56909354369657,25539.94460521443
2382,681.1603295787065,4679.290587423242,0.0,0.0,50.0,464.5356510705955,131.56909354369657,25539.867182605918
2383,681.1603295787065,4679.290587423242,0.0,0.0,50.0,464.5356510705955,131.56909354369657,25539.789759997406
2384,681.1603295787065,4679.290587423242,0.0,0.0,50.0,464.5356510705955,131.56909354369657,25539.712337388894
2385,681.1603295787065,4679.290587423242,0.0,0.0,50.0,464.5356510705955,131.56909354369657,25539.63491478038
2386,681.1603295787065,4679.290587423242,0.0,0.0,50.0,464.5356510705955,131.56909354369657,25539.55749217187
2387,681.1603295787065,4679.290587423242,0.0,0.0,50.0,464.5356510705955,131.56909354369657,25539.48006956336
2388,681.1603295787065,4679.290587423242,0.0,0.0,50.0,464.5356510705955,131.56909354369657,25539.402646954848
2389,681.1603295787064,4679.290587423242,0.0,0.0,50.0,464.5356510705955,131.56909354369657,25539.325224346336
2390,681.1603295787065,4679.290587423242,0.0,0.0,50.0,464.5356510705955,131.56909354369657,25539.247801737823
2391,681.1603295787065,4679.290587423242,0.0,0.0,50.0,464.5356510705955,131.56909354369657,25539.17037912931
2392,681.1603295787065,4679.290587423242,0.0,0.0,50.0,464.5356510705955,131.56909354369657,25539.0929565208
2393,681.1603295787065,4679.290587423242,0.0,0.0,50.0,464.5356510705955,131.56909354369657,25539.015533912287
2394,681.1603295787065,4679.290587423242,0.0,0.0,50.0,464.5356510705955,131.56909354369657,25538.938111303778
2395,681.1603295787065,4679.290587423242,0.0,0.0,50.0,464.5356510705955,131.56909354369657,25538.860688695266
2396,681.1603295787065,4679.290587423242,0.0,0.0,50.0,464.5356510705955,131.56909354369657,25538.783266086753
2397,681.1603295787065,4679.290587423242,0.0,0.0,50.0,464.5356510705955,131.56909354369657,25538.70584347824
2398,681.1603295787065,4679.290587423242,0.0,0.0,50.0,464.5356510705955,131.56909354369657,25538.62842086973
2399,681.1603295787065,4679.290587423242,0.0,0.0,50.0,464.5356510705955,131.56909354369657,25538.550998261217
2400,681.1603295787064,4679.290587423242,0.0,0.0,50.0,464.53565107059546,131.56909354369657,25538.473575652704
2401,681.1603295787065,4679.290587423242,0.0,0.0,50.0,464.5356510705955,131.56909354369657,25538.396153044196
2402,681.1603295787065,4679.290587423242,0.0,0.0,50.0,464.5356510705955,131.56909354369657,25538.318730435683
2403,681.4921076841371,4673.034866213998,0.0,0.0,50.0,464.53565107059546,131.56909354369657,25532.31736472336
2404,677.1603295787065,4670.5479396761275,0.0,0.0,50.0,461.5285267512532,136.25112196678822,25529.804558212247
2405,677.1603295787065,4670.5479396761275,0.0,0.0,50.0,461.5285267512532,136.25112196678822,25529.804558212247
2406,677.1603295787065,4670.5479396761275,0.0,0.0,50.0,461.5285267512532,136.25112196678822,25529.650715369997
2407,677.492107684137,4664.292218466883,0.0,0.0,50.0,461.52852675125314,136.25112196678822,25523.649850845057
2408,677.492107684137,4664.292218466883,0.0,0.0,50.0,461.52852675125314,136.25112196678822,25523.57292942393
2409,677.492107684137,4664.292218466883,0.0,0.0,50.0,461.52852675125314,136.25112196678822,25523.496008002807
2410,677.492107684137,4664.292218466883,0.0,0.0,50.0,461.52852675125314,136.25112196678822,25523.41908658168
2411,677.492107684137,4664.292218466883,0.0,0.0,50.0,461.52852675125314,136.25112196678822,25523.342165160557
2412,677.492107684137,4664.292218466883,0.0,0.0,50.0,461.52852675125314,136.25112196678822,25523.26524373943
2413,676.3470963305374,4611.510870068387,0.0,0.0,49.0,461.52852675125314,136.25112196678822,25069.26196256621
2414,676.3470963305374,4611.510870068387,0.0,0.0,49.0,461.52852675125314,136.25112196678822,25069.26196256621
2415,676.3470963305374,4611.510870068387,0.0,0.0,49.0,461.52852675125314,136.25112196678822,25069.108119723955
2416,676.3470963305374,4611.510870068387,0.0,0.0,49.0,461.52852675125314,136.25112196678822,25069.03119830283
2417,676.3470963305374,4611.510870068387,0.0,0.0,49.0,461.52852675125314,136.25112196678822,25068.954276881705
2418,676.3470963305374,4611.510870068387,0.0,0.0,49.0,461.52852675125314,136.25112196678822,25068.87735546058
2419,676.3470963305374,4611.510870068388,0.0,0.0,49.0,461.5356000490093,136.1537980129847,25068.703795016656
2420,676.3470963305374,4611.510870068388,0.0,0.0,49.0,461.5356000490093,136.1537980129847,25068.626872416648
2421,676.3470963305374,4611.510870068388,0.0,0.0,49.0,461.5356000490093,136.1537980129847,25068.54994981664
2422,676.3470963305374,4611.510870068388,0.0,0.0,49.0,461.5356000490093,136.1537980129847,25068.47302721663
2423,676.3470963305374,4611.510870068388,0.0,0.0,49.0,461.5356000490093,136.1537980129847,25068.396104616622
2424,676.3470963305374,4611.510870068388,0.0,0.0,49.0,461.5356000490093,136.1537980129847,25068.319182016614
2425,674.7985613195882,4562.674132201815,0.0,0.0,49.0,461.5356000490093,136.1537980129847,25017.856986539082
2426,674.7985613195882,4562.674132201815,0.0,0.0,49.0,461.5356000490093,136.1537980129847,25017.780063939073
2427,674.7985613195882,4562.674132201815,0.0,0.0,49.0,461.5356000490093,136.1537980129847,25017.703141339065
2428,674.7985613195882,4562.674132201815,0.0,0.0,49.0,461.5356000490093,136.1537980129847,25017.626218739057
2429,674.7985613195882,4562.674132201815,0.0,0.0,49.0,461.5356000490093,136.1537980129847,25017.54929613905
2430,674.7985613195882,4562.674132201815,0.0,0.0,49.0,461.5356000490093,136.1537980129847,25017.47237353904
2431,677.1603295787065,4670.547939676138,0.0,0.0,50.0,461.5356000490094,136.1537980129847,25527.631026672472
2432,677.1603295787065,4670.547939676138,0.0,0.0,50.0,461.5356000490094,136.1537980129847,25527.554104072467
2433,677.1603295787065,4670.547939676138,0.0,0.0,50.0,461.5356000490094,136.1537980129847,25527.47718147246
2434,677.1603295787065,4670.547939676138,0.0,0.0,50.0,461.5356000490094,136.1537980129847,25527.40025887245
2435,677.4921076841371,4664.292218466892,0.0,0.0,50.0,461.5356000490094,136.1537980129847,25521.399393168627
2436,677.4921076841371,4664.292218466892,0.0,0.0,50.0,461.5356000490094,136.1537980129847,25521.32247056862
2437,677.4921076841371,4664.292218466892,0.0,0.0,50.0,461.5356000490094,136.1537980129847,25521.24554796861
2438,677.4921076841371,4664.292218466892,0.0,0.0,50.0,461.5356000490094,136.1537980129847,25521.168625368602
2439,677.4921076841371,4664.292218466892,0.0,0.0,50.0,461.5356000490094,136.1537980129847,25521.091702768594
2440,677.4921076841371,4664.292218466892,0.0,0.0,50.0,461.5356000490094,136.1537980129847,25521.014780168585
2441,677.4921076841371,4664.292218466892,0.0,0.0,50.0,461.5356000490094,136.1537980129847,25520.937857568577
2442,677.4921076841371,4664.292218466892,0.0,0.0,50.0,461.5356000490094,136.1537980129847,25520.86093496857
2443,677.4921076841371,4664.292218466892,0.0,0.0,50.0,461.5356000490094,136.1537980129847,25520.78401236856
2444,677.4921076841371,4664.292218466892,0.0,0.0,50.0,461.5356000490094,136.1537980129847,25520.70708976855
2445,677.4921076841371,4664.292218466892,0.0,0.0,50.0,461.5356000490094,136.1537980129847,25520.630167168543
2446,677.4921076841371,4664.292218466892,0.0,0.0,50.0,461.5356000490094,136.1537980129847,25520.553244568535
2447,677.4921076841371,4664.292218466892,0.0,0.0,50.0,461.5356000490094,136.1537980129847,25520.47632196853
2448,677.4921076841371,4664.292218466892,0.0,0.0,50.0,461.5356000490094,136.1537980129847,25520.39939936852
2449,677.4921076841371,4664.292218466892,0.0,0.0,50.0,461.5356000490094,136.1537980129847,25520.322476768513
2450,677.4921076841371,4664.292218466892,0.0,0.0,50.0,461.5356000490094,136.1537980129847,25520.245554168505
2451,677.4921076841371,4664.292218466892,0.0,0.0,50.0,461.5356000490094,136.1537980129847,25520.168631568496
2452,677.4921076841371,4664.292218466892,0.0,0.0,50.0,461.5356000490094,136.1537980129847,25520.091708968488
2453,677.4921076841371,4664.292218466892,0.0,0.0,50.0,461.5356000490094,136.1537980129847,25520.01478636848
2454,677.4921076841371,4664.292218466892,0.0,0.0,50.0,461.5356000490094,136.1537980129847,25519.93786376847
2455,677.4317541645576,4660.01259907574,0.0,0.0,50.0,461.58500848683383,135.83659792220524,25515.208256100057
2456,677.4317541645576,4660.01259907574,0.0,0.0,50.0,461.58500848683383,135.83659792220524,25515.13132526531
2457,677.4317541645576,4660.01259907574,0.0,0.0,50.0,461.58500848683383,135.83659792220524,25515.05439443056
2458,677.4317541645576,4660.01259907574,0.0,0.0,50.0,461.58500848683383,135.83659792220524,25514.977463595813
2459,677.4317541645576,4660.01259907574,0.0,0.0,50.0,461.58500848683383,135.83659792220524,25514.900532761065
2460,677.4317541645576,4660.01259907574,0.0,0.0,50.0,461.58500848683383,135.83659792220524,25514.823601926317
2461,677.0999760591271,4666.268320284987,0.0,0.0,50.0,461.58500848683383,135.83659792220524,25520.670614195384
2462,677.0999760591271,4666.268320284987,0.0,0.0,50.0,461.58500848683383,135.83659792220524,25520.593683360636
2463,679.951071228239,4877.627143792171,0.0,0.0,49.0,463.9286614600612,136.1965997621165,25335.296429983202
2464,679.951071228239,4877.627143792171,0.0,0.0,49.0,463.9286614600612,136.1965997621165,25335.219108539626
2465,679.951071228239,4877.627143792171,0.0,0.0,49.0,463.9286614600612,136.1965997621165,25335.141787096047
2466,680.2828493336693,4871.371422582927,0.0,0.0,49.0,463.9286614600612,136.1965997621165,25329.140522548656
2467,680.2828493336693,4871.371422582927,0.0,0.0,49.0,463.9286614600612,136.1965997621165,25329.06320110508
2468,680.2828493336693,4871.371422582927,0.0,0.0,49.0,463.9286614600612,136.1965997621165,25328.985879661504
2469,680.2828493336693,4871.371422582927,0.0,0.0,49.0,463.9286614600612,136.1965997621165,25328.908558217925
2470,680.2828493336693,4871.371422582927,0.0,0.0,49.0,463.9286614600612,136.1965997621165,25328.83123677435
2471,680.2828493336693,4871.371422582927,0.0,0.0,49.0,463.9286614600612,136.1965997621165,25328.753915330773
2472,680.2828493336693,4871.371422582927,0.0,0.0,49.0,463.9286614600612,136.1965997621165,25328.676593887198
2473,680.2828493336693,4871.371422582927,0.0,0.0,49.0,463.9286614600612,136.1965997621165,25328.59927244362
2474,680.2828493336693,4871.371422582927,0.0,0.0,49.0,463.9286614600612,136.1965997621165,25328.521951000042
2475,680.2828493336693,4871.371422582927,0.0,0.0,49.0,463.9286614600612,136.1965997621165,25328.444629556467
2476,680.2828493336693,4871.371422582927,0.0,0.0,49.0,463.9286614600612,136.1965997621165,25328.36730811289
2477,680.2828493336693,4871.371422582927,0.0,0.0,49.0,463.9286614600612,136.1965997621165,25328.28998666931
2478,681.8459677269307,4826.989291700872,0.0,0.0,49.0,464.2712878224893,135.46173852718496,25284.688599995545
2479,681.8459677269307,4826.989291700872,0.0,0.0,49.0,464.2712878224893,135.46173852718496,25284.611221447576
2480,681.8459677269307,4826.989291700872,0.0,0.0,49.0,464.2712878224893,135.46173852718496,25284.533842899604
2481,681.8459677269307,4826.989291700872,0.0,0.0,49.0,464.2712878224893,135.46173852718496,25284.456464351635
2482,681.8459677269307,4826.989291700872,0.0,0.0,49.0,464.2712878224893,135.46173852718496,25284.379085803663
2483,681.8065324524966,4826.989291700872,0.0,0.0,49.0,464.25641425421185,135.44034493067292,25284.23959677895
2484,681.8065324524966,4826.989291700872,0.0,0.0,49.0,464.25641425421185,135.44034493067292,25284.162220709906
2485,681.8065324524966,4826.989291700872,0.0,0.0,49.0,464.25641425421185,135.44034493067292,25284.084844640864
2486,681.8459677269307,4826.989291700874,0.0,0.0,49.0,464.221404565597,135.36421883676553,25283.967778589024
2487,681.8459677269307,4826.989291700874,0.0,0.0,49.0,464.221404565597,135.36421883676553,25283.890408354928
2488,681.8459677269307,4826.989291700874,0.0,0.0,49.0,464.221404565597,135.36421883676553,25283.813038120836
2489,681.8065324524966,4826.989291700874,0.0,0.0,49.0,464.2065309973196,135.3428252402535,25283.673572283562
2490,681.8065324524966,4826.989291700874,0.0,0.0,49.0,464.2065309973196,135.3428252402535,25283.596204528396
2491,681.4747543470662,4833.245012910105,0.0,0.0,49.0,464.2065309973196,135.34282524025346,25289.44277987703
2492,681.8065324524965,4826.989291700861,0.0,0.0,49.0,464.2065309973196,135.34282524025346,25283.44146901805
2493,680.3636993815128,4819.78920476894,0.0,0.0,49.0,463.4145076975477,135.63185400376,25274.943284054658
2494,680.6954774869431,4813.533483559696,0.0,0.0,49.0,463.4145076975477,135.63185400376,25268.94210519956
2495,680.6954774869431,4813.533483559696,0.0,0.0,49.0,463.4145076975477,135.63185400376,25268.864869448276
2496,680.6954774869431,4813.533483559696,0.0,0.0,49.0,463.4145076975477,135.63185400376,25268.787633696993
2497,680.6954774869431,4813.533483559696,0.0,0.0,49.0,463.4145076975477,135.63185400376,25268.710397945713
2498,680.6954774869431,4813.533483559696,0.0,0.0,49.0,463.4145076975477,135.63185400376,25268.63316219443
2499,680.6954774869431,4813.533483559696,0.0,0.0,49.0,463.4145076975477,135.63185400376,25268.555926443147
2500,680.6954774869432,4813.533483559698,0.0,0.0,49.0,463.32313938242146,135.6110020848539,25268.450224746695
2501,680.6954774869432,4813.533483559698,0.0,0.0,49.0,463.32313938242146,135.6110020848539,25268.373004223464
2502,680.6954774869432,4813.533483559698,0.0,0.0,49.0,463.32313938242146,135.6110020848539,25268.295783700236
2503,680.6954774869432,4813.533483559698,0.0,0.0,49.0,463.39867614356496,135.60325946923234,25268.2170775231
2504,680.6954774869432,4813.533483559698,0.0,0.0,49.0,463.32313938242146,135.6110020848539,25268.141342653773
2505,680.6954774869432,4813.533483559701,0.0,0.0,49.0,463.3734113939225,135.55040410447802,25268.007671591124
2506,680.6954774869432,4813.533483559701,0.0,0.0,49.0,463.3734113939225,135.55040410447802,25267.930442689223
2507,680.6954774869432,4813.533483559698,0.0,0.0,49.0,463.3734113939225,135.55040410447802,25267.853213787315
2508,680.6954774869432,4813.533483559698,0.0,0.0,49.0,463.3734113939225,135.55040410447802,25267.77598488542
2509,680.6954774869432,4813.533483559698,0.0,0.0,49.0,463.3734113939225,135.55040410447802,25267.698755983518
2510,680.6954774869432,4813.533483559698,0.0,0.0,49.0,463.3734113939225,135.55040410447802,25267.62152708162
2511,680.6954774869432,4813.533483559698,0.0,0.0,49.0,463.3734113939225,135.55040410447802,25267.54429817972
2512,675.6954774869432,4706.477835050786,0.0,0.0,49.0,459.4248611308907,140.11397227251874,25159.65384018223
2513,675.6954774869432,4706.477835050786,0.0,0.0,49.0,459.4248611308907,140.11397227251874,25159.57726937204
2514,675.6954774869432,4706.477835050786,0.0,0.0,49.0,459.4248611308907,140.11397227251874,25159.50069856185
2515,675.6954774869432,4706.477835050788,0.0,0.0,49.0,459.4248611308907,140.11397227251874,25159.424127751663
2516,675.6954774869432,4706.477835050788,0.0,0.0,49.0,459.4248611308907,140.11397227251874,25159.347556941473
2517,675.6954774869432,4706.477835050786,0.0,0.0,49.0,459.4248611308907,140.11397227251874,25159.270986131287
2518,675.6954774869432,4706.477835050788,0.0,0.0,49.0,459.4248611308907,140.11397227251874,25159.194415321097
2519,675.6954774869432,4706.477835050786,0.0,0.0,49.0,459.4248611308907,140.11397227251874,25159.117844510907
2520,675.6954774869432,4706.477835050786,0.0,0.0,49.0,459.4248611308907,140.11397227251874,25159.04127370072
2521,675.3636993815128,4712.733556260029,0.0,0.0,49.0,459.4248611308907,140.11397227251877,25164.888645994346
2522,675.3636993815128,4712.733556260029,0.0,0.0,49.0,459.4248611308907,140.11397227251877,25164.81207518416
2523,675.3636993815128,4712.733556260029,0.0,0.0,49.0,459.4248611308907,140.11397227251877,25164.73550437397
2524,675.3636993815128,4712.733556260029,0.0,0.0,49.0,459.4248611308907,140.11397227251877,25164.65893356378
2525,675.3636993815128,4712.733556260029,0.0,0.0,49.0,459.4248611308907,140.11397227251877,25164.582362753594
2526,675.3636993815128,4712.733556260029,0.0,0.0,49.0,459.4248611308907,140.11397227251877,25164.505791943404
2527,675.3636993815128,4712.733556260029,0.0,0.0,49.0,459.4248611308907,140.11397227251877,25164.429221133214
2528,675.3636993815128,4712.733556260029,0.0,0.0,49.0,459.4248611308907,140.11397227251877,25164.352650323028
2529,675.3636993815128,4712.733556260029,0.0,0.0,49.0,459.4248611308907,140.11397227251877,25164.276079512838
2530,675.3636993815128,4712.733556260029,0.0,0.0,49.0,459.4248611308907,140.11397227251877,25164.19950870265
2531,675.3636993815128,4712.733556260029,0.0,0.0,49.0,459.4248611308907,140.11397227251877,25164.12293789246
2532,675.3636993815128,4712.733556260029,0.0,0.0,49.0,459.4248611308907,140.11397227251877,25164.046367082272
2533,675.3636993815128,4712.733556260029,0.0,0.0,49.0,459.4248611308907,140.11397227251877,25163.969796272086
2534,675.3636993815128,4712.733556260029,0.0,0.0,49.0,459.4248611308907,140.11397227251877,25163.893225461896
2535,675.3636993815128,4712.733556260029,0.0,0.0,49.0,459.4248611308907,140.11397227251877,25163.81665465171
2536,675.3636993815128,4712.733556260029,0.0,0.0,49.0,459.4248611308907,140.11397227251877,25163.74008384152
2537,675.3636993815128,4712.733556260029,0.0,0.0,49.0,459.4248611308907,140.11397227251877,25163.66351303133
2538,675.3636993815128,4712.733556260029,0.0,0.0,49.0,459.4248611308907,140.11397227251877,25163.586942221144
2539,675.3636993815128,4712.733556260029,0.0,0.0,49.0,459.4248611308907,140.11397227251877,25163.510371410954
2540,675.3636993815128,4712.733556260029,0.0,0.0,49.0,459.4248611308907,140.11397227251877,25163.433800600764
2541,675.3636993815128,4712.733556260029,0.0,0.0,49.0,459.4248611308907,140.11397227251877,25163.357229790578
2542,675.3636993815128,4712.733556260029,0.0,0.0,49.0,459.4248611308907,140.11397227251877,25163.280658980388
2543,675.3636993815128,4712.733556260029,0.0,0.0,49.0,459.4248611308907,140.11397227251877,25163.2040881702
2544,675.3636993815128,4712.733556260029,0.0,0.0,49.0,459.4248611308907,140.11397227251877,25163.12751736001
2545,675.3636993815128,4712.733556260029,0.0,0.0,49.0,459.4248611308907,140.11397227251877,25163.05094654982
2546,675.3636993815128,4712.733556260029,0.0,0.0,49.0,459.4248611308907,140.11397227251877,25162.974375739635
2547,675.3636993815128,4712.733556260029,0.0,0.0,49.0,459.4248611308907,140.11397227251877,25162.897804929446
2548,675.3636993815128,4712.733556260029,0.0,0.0,49.0,459.4248611308907,140.11397227251877,25162.82123411926
2549,675.6954774869436,4706.477835050783,0.0,0.0,49.0,459.42486113089075,140.11397227251877,25156.820720205254
2550,675.6954774869436,4706.477835050783,0.0,0.0,49.0,459.42486113089075,140.11397227251877,25156.744149395065
2551,675.3636993815128,4712.733556260029,0.0,0.0,49.0,459.4248611308907,140.11397227251877,25162.591521688693
2552,675.3636993815127,4712.733556260024,0.0,0.0,49.0,459.4248611308907,140.11397227251877,25162.514950878496
2553,675.3636993815127,4712.733556260024,0.0,0.0,49.0,459.4248611308907,140.11397227251877,25162.438380068306
2554,675.3636993815127,4712.733556260024,0.0,0.0,49.0,459.4248611308907,140.11397227251877,25162.36180925812
2555,675.3636993815127,4712.733556260024,0.0,0.0,49.0,459.4248611308907,140.11397227251877,25162.28523844793
2556,675.3636993815127,4712.733556260024,0.0,0.0,49.0,459.4248611308907,140.11397227251877,25162.208667637744
2557,675.3636993815127,4712.733556260024,0.0,0.0,49.0,459.4248611308907,140.11397227251877,25162.132096827554
2558,675.3636993815127,4712.733556260024,0.0,0.0,49.0,459.4248611308907,140.11397227251877,25162.055526017364
2559,675.695477486943,4706.4778350507795,0.0,0.0,49.0,459.4248611308907,140.11397227251877,25156.055012103363
2560,675.695477486943,4706.4778350507795,0.0,0.0,49.0,459.4248611308907,140.11397227251877,25155.978441293173
2561,675.695477486943,4706.4778350507795,0.0,0.0,49.0,459.4248611308907,140.11397227251877,25155.901870482987
2562,675.695477486943,4706.477835050781,0.0,0.0,49.0,459.806413811031,139.54678465809783,25155.28596540403
2563,675.695477486943,4706.477835050781,0.0,0.0,49.0,459.806413811031,139.54678465809783,25155.209331001726
2564,675.695477486943,4706.477835050781,0.0,0.0,49.0,459.806413811031,139.54678465809783,25155.132696599423
2565,675.695477486943,4706.477835050781,0.0,0.0,49.0,459.806413811031,139.54678465809783,25155.056062197124
2566,676.0038745398529,4706.477835050781,0.0,0.0,49.0,459.89334199224686,139.07620432268155,25154.82353231742
2567,676.0038745398529,4706.477835050781,0.0,0.0,49.0,459.89334199224686,139.07620432268155,25154.746883427088
2568,676.0038745398529,4706.477835050781,0.0,0.0,49.0,459.89334199224686,139.07620432268155,25154.670234536756
2569,676.0038745398529,4706.477835050781,0.0,0.0,49.0,459.89334199224686,139.07620432268155,25154.593585646424
2570,676.0038745398527,4706.477835050782,0.0,0.0,49.0,459.89334199224686,139.07620432268155,25154.516936756092
2571,676.0038745398529,4706.477835050781,0.0,0.0,49.0,459.89334199224686,139.07620432268155,25154.44028786576
2572,676.0038745398529,4706.477835050781,0.0,0.0,49.0,459.89334199224686,139.07620432268155,25154.36363897543
2573,676.0038745398529,4706.477835050781,0.0,0.0,49.0,459.89334199224686,139.07620432268155,25154.286990085096
2574,676.0038745398527,4706.477835050782,0.0,0.0,49.0,459.89334199224686,139.07620432268155,25154.210341194765
2575,676.0038745398529,4706.477835050781,0.0,0.0,49.0,459.89334199224686,139.07620432268155,25154.133692304433
2576,676.0038745398529,4706.477835050781,0.0,0.0,49.0,459.89334199224686,139.07620432268155,25154.0570434141
2577,676.0038745398527,4706.477835050782,0.0,0.0,49.0,459.89334199224686,139.07620432268155,25153.98039452377
2578,676.0038745398527,4706.477835050782,0.0,0.0,49.0,459.89334199224686,139.07620432268155,25153.903745633437
2579,676.0038745398529,4706.477835050781,0.0,0.0,49.0,459.89334199224686,139.07620432268155,25153.827096743105
2580,676.0038745398529,4706.477835050781,0.0,0.0,49.0,459.89334199224686,139.07620432268155,25153.750447852774
2581,675.6720964344225,4712.733556260029,0.0,0.0,49.0,459.8933419922469,139.07620432268158,25159.59774206626
2582,675.6720964344225,4712.733556260029,0.0,0.0,49.0,459.8933419922469,139.07620432268158,25159.52109317593
2583,675.6720964344225,4712.733556260029,0.0,0.0,49.0,459.8933419922469,139.07620432268158,25159.444444285597
2584,675.6720964344225,4712.733556260029,0.0,0.0,49.0,459.8933419922469,139.07620432268158,25159.36779539526
2585,675.6720964344225,4712.733556260029,0.0,0.0,49.0,459.8933419922469,139.07620432268158,25159.29114650493
2586,675.6720964344225,4712.733556260029,0.0,0.0,49.0,459.8933419922469,139.07620432268158,25159.214497614597
2587,675.6720964344225,4712.733556260029,0.0,0.0,49.0,459.8933419922469,139.07620432268158,25159.137848724265
2588,675.6720964344225,4712.733556260029,0.0,0.0,49.0,459.8933419922469,139.07620432268158,25159.061199833934
2589,675.6720964344225,4712.733556260029,0.0,0.0,49.0,459.8933419922469,139.07620432268158,25158.9845509436
2590,675.6720964344225,4712.733556260029,0.0,0.0,49.0,459.8933419922469,139.07620432268158,25158.90790205327
2591,675.6720964344225,4712.733556260029,0.0,0.0,49.0,459.8933419922469,139.07620432268158,25158.831253162938
2592,675.6720964344225,4712.733556260029,0.0,0.0,49.0,459.8933419922469,139.07620432268158,25158.754604272606
2593,675.6720964344225,4712.733556260029,0.0,0.0,49.0,459.8933419922469,139.07620432268158,25158.677955382274
2594,675.6720964344225,4712.733556260029,0.0,0.0,49.0,459.8933419922469,139.07620432268158,25158.601306491943
2595,674.455339528904,4657.641097184214,0.0,0.0,49.0,459.8933419922469,139.07620432268158,25102.215441620276
2596,674.455339528904,4657.641097184214,0.0,0.0,49.0,459.8933419922469,139.07620432268158,25102.138792729944
2597,674.455339528904,4657.641097184214,0.0,0.0,49.0,459.8933419922469,139.07620432268158,25102.062143839612
2598,674.455339528904,4657.641097184214,0.0,0.0,49.0,459.8933419922469,139.07620432268158,25101.98549494928
2599,674.455339528904,4657.641097184214,0.0,0.0,49.0,459.8933419922469,139.07620432268158,25101.90884605895
2600,674.455339528904,4657.641097184214,0.0,0.0,49.0,459.8933419922469,139.07620432268158,25101.832197168616
2601,673.4776303141715,4602.7386386521985,0.0,0.0,48.0,459.8933419922469,139.07620432268163,24645.87538053154
2602,673.4776303141715,4602.7386386521985,0.0,0.0,48.0,459.8933419922469,139.07620432268163,24645.798731641207
2603,673.4776303141715,4602.7386386521985,0.0,0.0,48.0,459.8933419922469,139.07620432268163,24645.722082750875
2604,673.4776303141715,4602.7386386521985,0.0,0.0,48.0,459.8933419922469,139.07620432268163,24645.64543386054
2605,673.4776303141715,4602.7386386521985,0.0,0.0,48.0,459.8933419922469,139.07620432268163,24645.568784970208
2606,671.3770203406835,4572.720982464245,0.0,0.0,48.0,458.5544906089508,140.51348449799227,24614.723232186243
2607,671.3770203406835,4572.720982464245,0.0,0.0,48.0,458.5544906089508,140.51348449799227,24614.64680643781
2608,671.3770203406835,4572.720982464245,0.0,0.0,48.0,458.5544906089508,140.51348449799227,24614.570380689373
2609,671.3770203406835,4572.720982464245,0.0,0.0,48.0,458.5544906089508,140.51348449799227,24614.49395494094
2610,671.3770203406835,4572.720982464245,0.0,0.0,48.0,458.5544906089508,140.51348449799227,24614.417529192502
2611,673.5714864609345,4682.715900072075,0.0,0.0,49.0,458.5544906089507,140.5134844979922,25126.53048717215
2612,673.5714864609345,4682.715900072075,0.0,0.0,49.0,458.5544906089507,140.5134844979922,25126.454061423716
2613,673.9032645663648,4676.46017886283,0.0,0.0,49.0,458.5544906089507,140.5134844979922,25120.453692571464
2614,673.9032645663648,4676.46017886283,0.0,0.0,49.0,458.5544906089507,140.5134844979922,25120.37726682303
2615,673.9032645663648,4676.46017886283,0.0,0.0,49.0,458.5544906089507,140.5134844979922,25120.300841074593
2616,673.9032645663648,4676.46017886283,0.0,0.0,49.0,458.5544906089507,140.5134844979922,25120.22441532616
2617,673.9032645663648,4676.46017886283,0.0,0.0,49.0,458.5544906089507,140.5134844979922,25120.147989577727
2618,673.9032645663648,4676.46017886283,0.0,0.0,49.0,458.5544906089507,140.5134844979922,25120.07156382929
2619,673.9032645663648,4676.46017886283,0.0,0.0,49.0,458.5544906089507,140.5134844979922,25119.995138080856
2620,673.9032645663648,4676.46017886283,0.0,0.0,49.0,458.5544906089507,140.5134844979922,25119.91871233242
2621,673.9032645663648,4676.46017886283,0.0,0.0,49.0,458.5544906089507,140.5134844979922,25119.842286583986
2622,673.9032645663648,4676.46017886283,0.0,0.0,49.0,458.5544906089507,140.5134844979922,25119.765860835552
2623,673.9032645663648,4676.46017886283,0.0,0.0,49.0,458.5544906089507,140.5134844979922,25119.689435087115
2624,673.9032645663648,4676.46017886283,0.0,0.0,49.0,458.5544906089507,140.5134844979922,25119.613009338682
2625,673.9032645663648,4676.46017886283,0.0,0.0,49.0,458.5544906089507,140.5134844979922,25119.53658359025
2626,673.9032645663648,4676.46017886283,0.0,0.0,49.0,458.5544906089507,140.5134844979922,25119.46015784181
2627,673.9032645663648,4676.46017886283,0.0,0.0,49.0,458.5544906089507,140.5134844979922,25119.383732093378
2628,673.9032645663648,4676.46017886283,0.0,0.0,49.0,458.5544906089507,140.5134844979922,25119.30730634494
2629,673.9032645663648,4676.46017886283,0.0,0.0,49.0,458.5544906089507,140.5134844979922,25119.230880596508
2630,673.9032645663648,4676.46017886283,0.0,0.0,49.0,458.5544906089507,140.5134844979922,25119.154454848074
2631,673.9032645663648,4676.46017886283,0.0,0.0,49.0,458.5544906089507,140.5134844979922,25119.078029099637
2632,673.9032645663648,4676.46017886283,0.0,0.0,49.0,458.5544906089507,140.5134844979922,25119.001603351204
2633,673.9032645663648,4676.46017886283,0.0,0.0,49.0,458.5544906089507,140.5134844979922,25118.925177602767
2634,671.8601356277321,4668.397921114531,0.0,0.0,49.0,457.0308692030738,141.06456482530092,25109.201504588953
2635,671.8601356277321,4668.397921114531,0.0,0.0,49.0,457.0308692030738,141.06456482530092,25109.125332777417
2636,671.8601356277321,4668.397921114531,0.0,0.0,49.0,457.0308692030738,141.06456482530092,25109.049160965882
2637,671.8601356277321,4668.397921114531,0.0,0.0,49.0,457.0308692030738,141.06456482530092,25108.97298915435
2638,671.8601356277321,4668.397921114531,0.0,0.0,49.0,457.0308692030738,141.06456482530092,25108.896817342815
2639,671.8601356277321,4668.397921114531,0.0,0.0,49.0,457.0308692030738,141.06456482530092,25108.820645531283
2640,671.8601356277321,4668.397921114531,0.0,0.0,49.0,457.0308692030738,141.06456482530092,25108.744473719747
2641,671.5283575223018,4674.653642323777,0.0,0.0,49.0,457.0308692030738,141.06456482530092,25114.59224501203
2642,671.5283575223018,4674.653642323777,0.0,0.0,49.0,457.0308692030738,141.06456482530092,25114.516073200495
2643,671.5283575223018,4674.653642323777,0.0,0.0,49.0,457.0308692030738,141.06456482530092,25114.439901388963
2644,671.5283575223018,4674.653642323777,0.0,0.0,49.0,457.0308692030738,141.06456482530092,25114.363729577428
2645,671.5283575223018,4674.653642323777,0.0,0.0,49.0,457.0308692030738,141.06456482530092,25114.287557765892
2646,671.5283575223018,4674.653642323777,0.0,0.0,49.0,457.0308692030738,141.06456482530092,25114.21138595436
2647,671.5283575223018,4674.653642323777,0.0,0.0,49.0,457.0308692030738,141.06456482530092,25114.135214142825
2648,671.5283575223018,4674.653642323777,0.0,0.0,49.0,457.0308692030738,141.06456482530092,25114.059042331293
2649,671.5283575223018,4674.653642323777,0.0,0.0,49.0,457.0308692030738,141.06456482530092,25113.982870519758
2650,671.5283575223018,4674.653642323777,0.0,0.0,49.0,457.0308692030738,141.06456482530092,25113.906698708226
2651,671.5283575223018,4674.653642323777,0.0,0.0,49.0,457.0308692030738,141.06456482530092,25113.83052689669
2652,671.5283575223018,4674.653642323777,0.0,0.0,49.0,457.0308692030738,141.06456482530092,25113.75435508516
2653,671.5283575223018,4674.653642323777,0.0,0.0,49.0,457.0308692030738,141.06456482530092,25113.678183273623
2654,671.5283575223018,4674.653642323777,0.0,0.0,49.0,457.0308692030738,141.06456482530092,25113.602011462088
2655,671.5283575223018,4674.653642323777,0.0,0.0,49.0,457.0308692030738,141.06456482530092,25113.525839650556
2656,671.5283575223018,4674.653642323777,0.0,0.0,49.0,457.0308692030738,141.06456482530092,25113.44966783902
2657,671.5283575223018,4674.653642323777,0.0,0.0,49.0,457.0308692030738,141.06456482530092,25113.37349602749
2658,671.5283575223018,4674.653642323777,0.0,0.0,49.0,457.0308692030738,141.06456482530092,25113.297324215953
2659,670.3268066390002,4539.544465277486,0.0,0.0,49.0,455.49020349936137,143.86735666717556,24979.625655149208
2660,670.3268066390002,4539.544465277486,0.0,0.0,49.0,455.49020349936137,143.86735666717556,24979.549740115293
2661,670.3268066390002,4539.544465277486,0.0,0.0,49.0,455.49020349936137,143.86735666717556,24979.473825081375
2662,670.3268066390002,4539.544465277486,0.0,0.0,49.0,455.49020349936137,143.86735666717556,24979.39791004746
2663,670.3268066390002,4539.544465277486,0.0,0.0,49.0,455.49020349936137,143.86735666717556,24979.321995013543
2664,670.6585847444309,4533.2887440682425,0.0,0.0,49.0,455.49020349936137,143.86735666717556,24973.322136875813
2665,670.6585847444309,4533.2887440682425,0.0,0.0,49.0,455.49020349936137,143.86735666717556,24973.2462218419
2666,670.6585847444309,4533.2887440682425,0.0,0.0,49.0,455.49020349936137,143.86735666717556,24973.17030680798
2667,670.6585847444309,4533.2887440682425,0.0,0.0,49.0,455.49020349936137,143.86735666717556,24973.094391774066
2668,670.6585847444309,4533.2887440682425,0.0,0.0,49.0,455.49020349936137,143.86735666717556,24973.018476740148
2669,670.6585847444309,4533.2887440682425,0.0,0.0,49.0,455.49020349936137,143.86735666717556,24972.942561706233
2670,670.6585847444309,4533.2887440682425,0.0,0.0,49.0,455.49020349936137,143.86735666717556,24972.866646672315
2671,670.3268066390003,4539.544465277484,0.0,0.0,49.0,455.4902034993614,143.86735666717559,24978.714674742205
2672,670.3268066390003,4539.544465277484,0.0,0.0,49.0,455.4902034993614,143.86735666717559,24978.63875970829
2673,669.8153575293679,4539.926792594591,0.0,0.0,49.0,455.8565352865955,143.67945958999476,24978.265790887075
2674,669.8153575293679,4539.926792594591,0.0,0.0,49.0,455.8565352865955,143.67945958999476,24978.265790887075
2675,669.8153575293679,4539.926792594591,0.0,0.0,49.0,455.8565352865955,143.67945958999476,24978.113838708643
2676,669.8153575293679,4539.926792594591,0.0,0.0,49.0,455.8565352865955,143.67945958999476,24978.03786261943
2677,669.8153575293678,4539.926792594591,0.0,0.0,49.0,455.85653528659554,143.67945958999476,24977.961886530215
2678,669.8153575293679,4539.926792594591,0.0,0.0,49.0,455.8565352865955,143.67945958999476,24977.885910441
2679,669.8153575293679,4539.926792594591,0.0,0.0,49.0,455.8565352865955,143.67945958999476,24977.809934351786
2680,669.8153575293679,4539.926792594591,0.0,0.0,49.0,455.8565352865955,143.67945958999476,24977.733958262572
2681,669.8153575293679,4539.926792594591,0.0,0.0,49.0,455.8565352865955,143.67945958999476,24977.657982173358
2682,669.8153575293679,4539.926792594591,0.0,0.0,49.0,455.8565352865955,143.67945958999476,24977.582006084143
2683,669.8153575293679,4539.926792594591,0.0,0.0,49.0,455.8565352865955,143.67945958999476,24977.50602999493
2684,670.1471356347982,4533.671071385346,0.0,0.0,49.0,455.8565352865955,143.67945958999476,24971.5061108019
2685,670.1471356347982,4533.671071385346,0.0,0.0,49.0,455.8565352865955,143.67945958999476,24971.430134712686
2686,670.1471356347982,4533.671071385346,0.0,0.0,49.0,455.8565352865955,143.67945958999476,24971.35415862347
2687,670.1471356347982,4533.671071385346,0.0,0.0,49.0,455.8565352865955,143.67945958999476,24971.278182534257
2688,670.1471356347982,4533.671071385346,0.0,0.0,49.0,455.8565352865955,143.67945958999476,24971.202206445043
2689,670.1471356347982,4533.671071385346,0.0,0.0,49.0,455.8565352865955,143.67945958999476,24971.12623035583
2690,670.1471356347982,4533.671071385346,0.0,0.0,49.0,455.8565352865955,143.67945958999476,24971.050254266615
2691,670.1471356347982,4533.671071385346,0.0,0.0,49.0,455.8565352865955,143.67945958999476,24970.9742781774
2692,670.1471356347982,4533.671071385346,0.0,0.0,49.0,455.8565352865955,143.67945958999476,24970.898302088186
2693,668.1471356347984,4521.6294768065545,0.0,0.0,49.0,454.07710541998154,146.18720134875912,24959.197425684102
2694,668.1471356347984,4521.6294768065545,0.0,0.0,49.0,454.07710541998154,146.18720134875912,24959.121746166533
2695,668.1471356347984,4521.6294768065545,0.0,0.0,49.0,454.07710541998154,146.18720134875912,24959.046066648963
2696,668.1471356347984,4521.6294768065545,0.0,0.0,49.0,454.07710541998154,146.18720134875912,24958.97038713139
2697,668.1471356347984,4521.6294768065545,0.0,0.0,49.0,454.07710541998154,146.18720134875912,24958.89470761382
2698,668.1471356347984,4521.6294768065545,0.0,0.0,49.0,454.07710541998154,146.18720134875912,24958.81902809625
2699,668.1471356347984,4521.6294768065545,0.0,0.0,49.0,454.07710541998154,146.18720134875912,24958.743348578682
2700,668.1471356347984,4521.6294768065545,0.0,0.0,49.0,454.07710541998154,146.18720134875912,24958.667669061113
2701,667.8153575293679,4527.885198015798,0.0,0.0,49.0,454.07710541998154,146.18720134875912,24964.515932647355
2702,667.8153575293679,4527.885198015798,0.0,0.0,49.0,454.07710541998154,146.18720134875912,24964.440253129782
2703,667.8153575293679,4527.885198015798,0.0,0.0,49.0,454.07710541998154,146.18720134875912,24964.364573612213
2704,668.1471356347982,4521.629476806554,0.0,0.0,49.0,454.07710541998154,146.18720134875912,24958.364950990832
2705,665.5006748797229,4469.987289819068,0.0,0.0,49.0,454.05684369229095,146.16901223496862,24903.981438415296
2706,665.5006748797229,4469.987289819068,0.0,0.0,49.0,454.05684369229095,146.16901223496862,24903.90576227468
2707,666.8376483146352,4472.982739483779,0.0,0.0,48.0,454.07710541998154,146.18720134875912,24508.181687795182
2708,667.1694264200654,4466.727018274536,0.0,0.0,48.0,454.07710541998154,146.18720134875912,24502.182065173798
2709,667.1694264200654,4466.727018274536,0.0,0.0,48.0,454.07710541998154,146.18720134875912,24502.10638565623
2710,667.1694264200654,4466.727018274536,0.0,0.0,48.0,454.07710541998154,146.18720134875912,24502.03070613866
2711,667.1694264200654,4466.727018274536,0.0,0.0,48.0,454.07710541998154,146.18720134875912,24501.95502662109
2712,667.1694264200654,4466.727018274536,0.0,0.0,48.0,454.07710541998154,146.18720134875912,24501.87934710352
2713,667.1694264200654,4466.727018274536,0.0,0.0,48.0,454.07710541998154,146.18720134875912,24501.803667585948
2714,667.1694264200654,4466.727018274536,0.0,0.0,48.0,454.07710541998154,146.18720134875912,24501.72798806838
2715,667.1694264200654,4466.727018274536,0.0,0.0,48.0,454.07710541998154,146.18720134875912,24501.65230855081
2716,667.1694264200654,4466.727018274536,0.0,0.0,48.0,454.07710541998154,146.18720134875912,24501.57662903324
2717,667.1694264200654,4466.727018274536,0.0,0.0,48.0,454.07710541998154,146.18720134875912,24501.50094951567
2718,667.1694264200654,4466.727018274536,0.0,0.0,48.0,454.07710541998154,146.18720134875912,24501.4252699981
2719,667.1694264200654,4466.727018274536,0.0,0.0,48.0,454.07710541998154,146.18720134875912,24501.349590480528
2720,667.1694264200654,4466.727018274536,0.0,0.0,48.0,454.07710541998154,146.18720134875912,24501.27391096296
2721,667.1694264200654,4466.727018274536,0.0,0.0,48.0,454.07710541998154,146.18720134875912,24501.19823144539
2722,667.1694264200654,4466.727018274536,0.0,0.0,48.0,454.07710541998154,146.18720134875912,24501.12255192782
2723,667.1694264200654,4466.727018274536,0.0,0.0,48.0,454.07710541998154,146.18720134875912,24501.04687241025
2724,667.1694264200654,4466.727018274536,0.0,0.0,48.0,454.07710541998154,146.18720134875912,24500.97119289268
2725,667.1694264200654,4466.727018274536,0.0,0.0,48.0,454.07710541998154,146.18720134875912,24500.895513375108
2726,667.1694264200654,4466.727018274536,0.0,0.0,48.0,454.07710541998154,146.18720134875912,24500.81983385754
2727,667.1694264200654,4466.727018274536,0.0,0.0,48.0,454.07710541998154,146.18720134875912,24500.74415433997
2728,667.1694264200654,4466.727018274536,0.0,0.0,48.0,454.07710541998154,146.18720134875912,24500.6684748224
2729,667.1694264200654,4466.727018274536,0.0,0.0,48.0,454.07710541998154,146.18720134875912,24500.59279530483
2730,667.1694264200654,4466.727018274536,0.0,0.0,48.0,454.07710541998154,146.18720134875912,24500.51711578726
2731,667.8153575293679,4527.885198015798,0.0,0.0,49.0,454.07710541998154,146.18720134875912,24962.245547120252
2732,667.4934764873187,4527.885198015798,0.0,0.0,49.0,453.698392597845,146.25965881261038,24961.9035281851
2733,668.1471356347986,4521.629476806555,0.0,0.0,49.0,454.07710541998154,146.18720134875912,24956.170244981302
2734,668.1471356347986,4521.629476806555,0.0,0.0,49.0,454.07710541998154,146.18720134875912,24956.094565463733
2735,668.1471356347986,4521.629476806555,0.0,0.0,49.0,454.07710541998154,146.18720134875912,24956.018885946163
2736,667.8252545927494,4521.629476806556,0.0,0.0,49.0,453.698392597845,146.25965881261038,24955.677119486223
2737,667.8252545927494,4521.629476806556,0.0,0.0,49.0,453.698392597845,146.25965881261038,24955.601503087455
2738,667.8252545927494,4521.629476806556,0.0,0.0,49.0,453.698392597845,146.25965881261038,24955.52588668869
2739,667.8252545927494,4521.629476806556,0.0,0.0,49.0,453.698392597845,146.25965881261038,24955.450270289923
2740,669.2892899269749,4679.456363125092,0.0,0.0,48.0,454.6652844249205,147.07174401658446,24715.519559393728
2741,669.2892899269749,4679.456363125092,0.0,0.0,48.0,454.6652844249205,147.07174401658446,24715.443781846323
2742,666.847545378017,4466.727018274541,0.0,0.0,48.0,453.698392597845,146.25965881261038,24499.343253346877
2743,666.847545378017,4466.727018274541,0.0,0.0,48.0,453.698392597845,146.25965881261038,24499.26763694811
2744,666.847545378017,4466.727018274541,0.0,0.0,48.0,453.698392597845,146.25965881261038,24499.192020549344
2745,666.847545378017,4466.727018274541,0.0,0.0,48.0,453.698392597845,146.25965881261038,24499.116404150576
2746,666.847545378017,4466.727018274541,0.0,0.0,48.0,453.698392597845,146.25965881261038,24499.04078775181
2747,666.847545378017,4466.727018274541,0.0,0.0,48.0,453.698392597845,146.25965881261038,24498.965171353044
2748,666.847545378017,4466.727018274541,0.0,0.0,48.0,453.698392597845,146.25965881261038,24498.889554954276
2749,666.847545378017,4466.727018274541,0.0,0.0,48.0,453.698392597845,146.25965881261038,24498.81393855551
2750,666.847545378017,4466.727018274541,0.0,0.0,48.0,453.698392597845,146.25965881261038,24498.738322156743
2751,666.847545378017,4466.727018274541,0.0,0.0,48.0,453.698392597845,146.25965881261038,24498.66270575798
2752,666.847545378017,4466.727018274541,0.0,0.0,48.0,453.698392597845,146.25965881261038,24498.58708935921
2753,666.847545378017,4466.727018274541,0.0,0.0,48.0,453.698392597845,146.25965881261038,24498.511472960447
2754,666.847545378017,4466.727018274541,0.0,0.0,48.0,453.698392597845,146.25965881261038,24498.43585656168
2755,666.847545378017,4466.727018274541,0.0,0.0,48.0,453.698392597845,146.25965881261038,24498.360240162914
2756,666.4042025279491,4467.173575192299,0.0,0.0,48.0,454.17056294089576,146.02598936288285,24498.073369976057
2757,666.4042025279491,4467.173575192299,0.0,0.0,48.0,454.17056294089576,146.02598936288285,24497.997674882234
2758,666.4042025279491,4467.173575192299,0.0,0.0,48.0,454.17056294089576,146.02598936288285,24497.92197978841
2759,666.4042025279491,4467.173575192299,0.0,0.0,48.0,454.17056294089576,146.02598936288285,24497.846284694588
2760,666.4042025279491,4467.173575192299,0.0,0.0,48.0,454.17056294089576,146.02598936288285,24497.770589600765
2761,667.0501336372506,4528.331754933556,0.0,0.0,49.0,454.1705629408958,146.02598936288285,24959.499005357502
2762,667.0501336372506,4528.331754933556,0.0,0.0,49.0,454.1705629408958,146.02598936288285,24959.42331026368
2763,667.0501336372506,4528.331754933556,0.0,0.0,49.0,454.1705629408958,146.02598936288285,24959.347615169852
2764,667.3819117426809,4522.076033724312,0.0,0.0,49.0,454.1705629408958,146.02598936288285,24953.347976972218
2765,667.3819117426809,4522.076033724312,0.0,0.0,49.0,454.1705629408958,146.02598936288285,24953.347976972218
2766,667.3819117426809,4522.076033724312,0.0,0.0,49.0,454.1705629408958,146.02598936288285,24953.196586784572
2767,667.3819117426809,4522.076033724312,0.0,0.0,49.0,454.1705629408958,146.02598936288285,24953.12089169075
2768,667.3819117426809,4522.076033724312,0.0,0.0,49.0,454.1705629408958,146.02598936288285,24953.045196596926
2769,667.3819117426809,4522.076033724312,0.0,0.0,49.0,454.1705629408958,146.02598936288285,24952.969501503103
2770,667.3819117426809,4522.076033724312,0.0,0.0,49.0,454.1705629408958,146.02598936288285,24952.89380640928
2771,667.3819117426809,4522.076033724312,0.0,0.0,49.0,454.1705629408958,146.02598936288285,24952.818111315453
2772,667.3819117426809,4522.076033724312,0.0,0.0,49.0,454.1705629408958,146.02598936288285,24952.74241622163
2773,667.3819117426809,4522.076033724312,0.0,0.0,49.0,454.1705629408958,146.02598936288285,24952.666721127807
2774,667.3819117426809,4522.076033724312,0.0,0.0,49.0,454.1705629408958,146.02598936288285,24952.591026033984
2775,667.3819117426809,4522.076033724312,0.0,0.0,49.0,454.1705629408958,146.02598936288285,24952.51533094016
2776,667.3819117426809,4522.076033724312,0.0,0.0,49.0,454.1705629408958,146.02598936288285,24952.43963584634
2777,667.3819117426809,4522.076033724312,0.0,0.0,49.0,454.1705629408958,146.02598936288285,24952.363940752515
2778,667.3819117426809,4522.076033724312,0.0,0.0,49.0,454.1705629408958,146.02598936288285,24952.288245658692
2779,667.3819117426809,4522.076033724312,0.0,0.0,49.0,454.1705629408958,146.02598936288285,24952.212550564866
2780,667.3819117426809,4522.076033724312,0.0,0.0,49.0,454.1705629408958,146.02598936288285,24952.136855471043
2781,667.3819117426809,4522.076033724312,0.0,0.0,49.0,454.1705629408958,146.02598936288285,24952.06116037722
2782,667.3819117426809,4522.076033724312,0.0,0.0,49.0,454.1705629408958,146.02598936288285,24951.985465283396
2783,667.3819117426809,4522.076033724312,0.0,0.0,49.0,454.1705629408958,146.02598936288285,24951.909770189573
2784,667.3507500884797,4522.0082442906505,0.0,0.0,49.0,454.0855915692124,146.093835768711,24951.799911444334
2785,667.3507500884797,4522.0082442906505,0.0,0.0,49.0,454.0855915692124,146.093835768711,24951.724230512405
2786,667.3507500884797,4522.0082442906505,0.0,0.0,49.0,454.0855915692124,146.093835768711,24951.648549580477
2787,667.3507500884797,4522.0082442906505,0.0,0.0,49.0,454.0855915692124,146.093835768711,24951.57286864855
2788,667.3507500884797,4522.0082442906505,0.0,0.0,49.0,454.0855915692124,146.093835768711,24951.49718771662
2789,667.3507500884797,4522.0082442906505,0.0,0.0,49.0,454.0855915692124,146.093835768711,24951.421506784693
2790,667.3507500884797,4522.0082442906505,0.0,0.0,49.0,454.0855915692124,146.093835768711,24951.345825852764
2791,667.0189719830496,4528.263965499896,0.0,0.0,49.0,454.0855915692123,146.093835768711,24957.19408802465
2792,667.0189719830496,4528.263965499896,0.0,0.0,49.0,454.0855915692123,146.093835768711,24957.118407092723
2793,667.0189719830496,4528.263965499896,0.0,0.0,49.0,454.0855915692123,146.093835768711,24957.042726160795
2794,667.0189719830496,4528.263965499896,0.0,0.0,49.0,454.0855915692123,146.093835768711,24956.967045228866
2795,667.0189719830496,4528.263965499896,0.0,0.0,49.0,454.0855915692123,146.093835768711,24956.89136429694
2796,667.0189719830496,4528.263965499896,0.0,0.0,49.0,454.0855915692123,146.093835768711,24956.81568336501
2797,665.8022150775308,4472.171896923595,0.0,0.0,49.0,454.0855915692123,146.093835768711,24899.43117695126
2798,665.8022150775308,4472.171896923595,0.0,0.0,49.0,454.0855915692123,146.093835768711,24899.355496019332
2799,665.8022150775308,4472.171896923595,0.0,0.0,49.0,454.0855915692123,146.093835768711,24899.279815087404
2800,665.8022150775308,4472.171896923595,0.0,0.0,49.0,454.0855915692123,146.093835768711,24899.204134155476
2801,665.8022150775308,4472.171896923595,0.0,0.0,49.0,454.0855915692123,146.093835768711,24899.128453223548
2802,664.6807983582993,4369.318796442925,0.0,0.0,49.0,453.27764151855087,147.65750189674438,24796.61525886808
2803,664.6807983582993,4369.318796442925,0.0,0.0,49.0,453.27764151855087,147.65750189674438,24796.5397125945
2804,664.6807983582993,4369.318796442925,0.0,0.0,49.0,453.27764151855087,147.65750189674438,24796.46416632091
2805,664.5738916121157,4369.318796442925,0.0,0.0,49.0,453.7590612724751,146.8448878000268,24795.484745346424
2806,664.5738916121157,4369.318796442925,0.0,0.0,49.0,453.7590612724751,146.8448878000268,24795.409118836214
2807,664.5738916121157,4369.318796442925,0.0,0.0,49.0,453.7590612724751,146.8448878000268,24795.333492326
2808,664.5738916121159,4369.318796442925,0.0,0.0,49.0,453.7590612724751,146.8448878000268,24795.257865815787
2809,664.5738916121157,4369.318796442925,0.0,0.0,49.0,453.7590612724751,146.8448878000268,24795.182239305577
2810,664.5738916121159,4369.318796442925,0.0,0.0,49.0,453.7590612724751,146.8448878000268,24795.106612795364
2811,664.5738916121159,4369.318796442925,0.0,0.0,49.0,453.7590612724751,146.8448878000268,24795.030986285154
2812,664.5738916121159,4369.318796442925,0.0,0.0,49.0,453.7590612724751,146.8448878000268,24794.95535977494
2813,664.5738916121157,4369.318796442925,0.0,0.0,49.0,453.7590612724751,146.8448878000268,24794.87973326473
2814,664.2543726829414,4369.296593587348,0.0,0.0,49.0,453.68506742572265,146.98855756222284,24794.60376092271
2815,664.2543726829414,4369.296593587348,0.0,0.0,49.0,453.68506742572265,146.98855756222284,24794.528146744804
2816,664.2543726829414,4369.296593587348,0.0,0.0,49.0,453.68506742572265,146.98855756222284,24794.4525325669
2817,664.2543726829413,4369.296593587348,0.0,0.0,49.0,453.68506742572265,146.98855756222284,24794.376918388996
2818,664.2543726829414,4369.296593587348,0.0,0.0,49.0,453.68506742572265,146.98855756222284,24794.30130421109
2819,664.2543726829414,4369.296593587348,0.0,0.0,49.0,453.68506742572265,146.98855756222284,24794.22569003319
2820,664.2543726829412,4369.296593587348,0.0,0.0,49.0,453.68506742572265,146.98855756222284,24794.150075855283
2821,666.1012542403452,4463.590314579477,0.0,0.0,48.0,455.15208040697826,144.87334063352475,24488.143613185486
2822,666.1012542403452,4463.590314579477,0.0,0.0,48.0,455.15208040697826,144.87334063352475,24488.067754505417
2823,666.1012542403452,4463.590314579477,0.0,0.0,48.0,455.15208040697826,144.87334063352475,24487.99189582535
2824,666.1012542403452,4463.590314579477,0.0,0.0,48.0,455.15208040697826,144.87334063352475,24487.91603714528
2825,666.1012542403452,4463.590314579477,0.0,0.0,48.0,455.15208040697826,144.87334063352475,24487.840178465212
2826,666.1012542403452,4463.590314579477,0.0,0.0,48.0,455.15208040697826,144.87334063352475,24487.764319785147
2827,665.892569511304,4463.590314579477,0.0,0.0,48.0,455.4337969256988,144.42982428184442,24487.044382850647
2828,665.892569511304,4463.590314579477,0.0,0.0,48.0,455.4337969256988,144.42982428184442,24486.968477217826
2829,665.892569511304,4463.590314579477,0.0,0.0,48.0,455.4337969256988,144.42982428184442,24486.892571585005
2830,665.892569511304,4463.590314579477,0.0,0.0,48.0,455.4337969256988,144.42982428184442,24486.816665952185
2831,665.892569511304,4463.590314579477,0.0,0.0,48.0,455.4337969256988,144.42982428184442,24486.740760319364
2832,665.892569511304,4463.590314579477,0.0,0.0,48.0,455.4337969256988,144.42982428184442,24486.664854686544
2833,665.892569511304,4463.590314579477,0.0,0.0,48.0,455.4337969256988,144.42982428184442,24486.588949053723
2834,665.892569511304,4463.590314579477,0.0,0.0,48.0,455.4337969256988,144.42982428184442,24486.513043420902
2835,665.892569511304,4463.590314579477,0.0,0.0,48.0,455.4337969256988,144.42982428184442,24486.43713778808
2836,665.892569511304,4463.590314579477,0.0,0.0,48.0,455.4337969256988,144.42982428184442,24486.36123215526
2837,665.892569511304,4463.590314579477,0.0,0.0,48.0,455.4337969256988,144.42982428184442,24486.285326522437
2838,665.892569511304,4463.590314579477,0.0,0.0,48.0,455.4337969256988,144.42982428184442,24486.209420889616
2839,665.892569511304,4463.590314579477,0.0,0.0,48.0,455.4337969256988,144.42982428184442,24486.133515256795
2840,665.892569511304,4463.590314579477,0.0,0.0,48.0,455.4337969256988,144.42982428184442,24486.057609623975
2841,665.892569511304,4463.590314579477,0.0,0.0,48.0,455.4337969256988,144.42982428184442,24485.981703991154
2842,666.1675448749935,4463.590314579477,0.0,0.0,48.0,455.45211886291634,144.05620451648824,24485.80763643435
2843,666.1675448749935,4463.590314579477,0.0,0.0,48.0,455.45211886291634,144.05620451648824,24485.731727747872
2844,666.1675448749935,4463.590314579477,0.0,0.0,48.0,455.45211886291634,144.05620451648824,24485.655819061394
2845,666.1675448749935,4463.590314579477,0.0,0.0,48.0,455.45211886291634,144.05620451648824,24485.57991037492
2846,666.1675448749935,4463.590314579477,0.0,0.0,48.0,455.45211886291634,144.05620451648824,24485.50400168844
2847,666.1675448749935,4463.590314579477,0.0,0.0,48.0,455.45211886291634,144.05620451648824,24485.428093001963
2848,666.1675448749935,4463.590314579477,0.0,0.0,48.0,455.45211886291634,144.05620451648824,24485.35218431549
2849,666.1675448749935,4463.590314579477,0.0,0.0,48.0,455.45211886291634,144.05620451648824,24485.27627562901
2850,665.5817584373665,4422.1713995138525,0.0,0.0,48.0,455.4521188629163,144.05620451648824,24443.195665439278
2851,665.5817584373666,4422.171399513852,0.0,0.0,48.0,455.76471593415886,143.57189436732534,24442.643209430906
2852,665.5817584373666,4422.171399513852,0.0,0.0,48.0,455.76471593415886,143.57189436732534,24442.56724864492
2853,665.5817584373666,4422.171399513852,0.0,0.0,48.0,455.7647159341589,143.57189436732534,24442.491287858928
2854,665.5817584373666,4422.171399513852,0.0,0.0,48.0,455.7647159341589,143.57189436732534,24442.41532707294
2855,665.5817584373666,4422.171399513852,0.0,0.0,48.0,455.7647159341589,143.57189436732534,24442.33936628695
2856,665.5817584373666,4422.171399513852,0.0,0.0,48.0,455.7647159341589,143.57189436732534,24442.263405500962
2857,665.5817584373666,4422.171399513852,0.0,0.0,48.0,455.7647159341589,143.57189436732534,24442.18744471497
2858,665.5817584373666,4422.171399513852,0.0,0.0,48.0,455.7647159341589,143.57189436732534,24442.111483928984
2859,665.5817584373666,4422.171399513852,0.0,0.0,48.0,455.76471593415886,143.57189436732534,24442.035523142993
2860,665.5817584373666,4422.171399513852,0.0,0.0,48.0,455.76471593415886,143.57189436732534,24441.959562357006
2861,665.5817584373666,4422.171399513852,0.0,0.0,48.0,455.7647159341589,143.57189436732534,24441.883601571015
2862,665.5817584373666,4422.171399513852,0.0,0.0,48.0,455.7647159341589,143.57189436732534,24441.807640785028
2863,665.5817584373666,4422.171399513852,0.0,0.0,48.0,455.7647159341589,143.57189436732534,24441.731679999037
2864,665.5817584373666,4422.171399513852,0.0,0.0,48.0,455.7647159341589,143.57189436732534,24441.65571921305
2865,665.5817584373666,4422.171399513852,0.0,0.0,48.0,455.7647159341589,143.57189436732534,24441.57975842706
2866,665.5817584373666,4422.171399513852,0.0,0.0,48.0,455.7647159341589,143.57189436732534,24441.50379764107
2867,665.5817584373666,4422.171399513852,0.0,0.0,48.0,455.76471593415886,143.57189436732534,24441.42783685508
2868,665.5817584373666,4422.171399513852,0.0,0.0,48.0,455.7647159341589,143.57189436732534,24441.351876069093
2869,665.5817584373666,4422.171399513852,0.0,0.0,48.0,455.7647159341589,143.57189436732534,24441.275915283102
2870,665.5817584373666,4422.171399513852,0.0,0.0,48.0,455.7647159341589,143.57189436732534,24441.199954497115
2871,665.5817584373666,4422.171399513852,0.0,0.0,48.0,455.7647159341589,143.57189436732534,24441.123993711128
2872,665.5817584373666,4422.171399513852,0.0,0.0,48.0,455.7647159341589,143.57189436732534,24441.048032925137
2873,665.5817584373666,4422.171399513852,0.0,0.0,48.0,455.7647159341589,143.57189436732534,24440.97207213915
2874,665.5817584373666,4422.171399513852,0.0,0.0,48.0,455.7647159341589,143.57189436732534,24440.89611135316
2875,665.5817584373666,4422.171399513852,0.0,0.0,48.0,455.7647159341589,143.57189436732534,24440.82015056717
2876,665.5817584373666,4422.171399513852,0.0,0.0,48.0,455.76471593415886,143.57189436732534,24440.74418978118
2877,665.5817584373666,4422.171399513852,0.0,0.0,48.0,455.76471593415886,143.57189436732534,24440.668228995193
2878,665.5817584373666,4422.171399513852,0.0,0.0,48.0,455.7647159341589,143.57189436732534,24440.592268209202
2879,665.5817584373666,4422.171399513852,0.0,0.0,48.0,455.7647159341589,143.57189436732534,24440.516307423215
2880,665.5817584373666,4422.171399513852,0.0,0.0,48.0,455.7647159341589,143.57189436732534,24440.440346637224
2881,665.5817584373666,4422.171399513852,0.0,0.0,48.0,455.76471593415886,143.57189436732534,24440.364385851237
2882,665.5817584373666,4422.171399513852,0.0,0.0,48.0,455.76471593415886,143.57189436732534,24440.288425065246
2883,665.5817584373666,4422.171399513852,0.0,0.0,48.0,455.76471593415886,143.57189436732534,24440.21246427926
2884,665.5817584373666,4422.171399513852,0.0,0.0,48.0,455.76471593415886,143.57189436732534,24440.136503493268
2885,665.2440151288395,4422.324306058512,0.0,0.0,48.0,455.90318197025454,143.55714280495422,24439.863608313404
2886,665.2440151288395,4422.324306058512,0.0,0.0,48.0,455.90318197025454,143.55714280495422,24439.787624449742
2887,665.2440151288395,4422.324306058512,0.0,0.0,48.0,455.90318197025454,143.55714280495422,24439.71164058608
2888,665.2440151288395,4422.324306058512,0.0,0.0,48.0,455.90318197025454,143.55714280495422,24439.635656722417
2889,665.2440151288395,4422.324306058512,0.0,0.0,48.0,455.90318197025454,143.55714280495422,24439.559672858755
2890,665.2440151288395,4422.324306058512,0.0,0.0,48.0,455.90318197025454,143.55714280495422,24439.483688995093
2891,665.2440151288395,4422.324306058512,0.0,0.0,48.0,455.90318197025454,143.55714280495422,24439.407705131434
2892,665.2440151288395,4422.324306058512,0.0,0.0,48.0,455.90318197025454,143.55714280495422,24439.331721267772
2893,665.2440151288395,4422.324306058512,0.0,0.0,48.0,455.90318197025454,143.55714280495422,24439.25573740411
2894,665.2440151288395,4422.324306058512,0.0,0.0,48.0,455.90318197025454,143.55714280495422,24439.179753540448
2895,665.2440151288395,4422.324306058512,0.0,0.0,48.0,455.90318197025454,143.55714280495422,24439.103769676785
2896,665.2440151288395,4422.324306058512,0.0,0.0,48.0,455.90318197025454,143.55714280495422,24439.027785813123
2897,665.2440151288395,4422.324306058512,0.0,0.0,48.0,455.90318197025454,143.55714280495422,24438.95180194946
2898,665.2440151288395,4422.324306058512,0.0,0.0,48.0,455.90318197025454,143.55714280495422,24438.875818085802
2899,665.2440151288395,4422.324306058512,0.0,0.0,48.0,455.90318197025454,143.55714280495422,24438.79983422214
2900,665.2440151288395,4422.324306058512,0.0,0.0,48.0,455.90318197025454,143.55714280495422,24438.723850358478
2901,665.2440151288392,4422.324306058512,0.0,0.0,48.0,455.90318197025454,143.55714280495422,24438.647866494815
2902,665.2440151288395,4422.324306058512,0.0,0.0,48.0,455.90318197025454,143.55714280495422,24438.571882631153
2903,665.2440151288395,4422.324306058512,0.0,0.0,48.0,455.90318197025454,143.55714280495422,24438.49589876749
2904,665.2440151288392,4422.324306058512,0.0,0.0,48.0,455.90318197025454,143.55714280495422,24438.41991490383
2905,665.2440151288395,4422.324306058512,0.0,0.0,48.0,455.90318197025454,143.55714280495422,24438.34393104017
2906,664.966083213021,4422.324306058512,0.0,0.0,48.0,455.9520379416457,143.23347488716942,24437.667112753123
2907,664.966083213021,4422.324306058512,0.0,0.0,48.0,455.9520379416457,143.23347488716942,24437.591120746798
2908,664.966083213021,4422.324306058512,0.0,0.0,48.0,455.9520379416457,143.23347488716942,24437.515128740473
2909,665.4347971949154,4419.912394747201,0.0,0.0,48.0,456.0265897591685,144.13336078611178,24436.396956006243
2910,665.4347971949154,4419.912394747201,0.0,0.0,48.0,456.0265897591685,144.13336078611178,24436.320951574617
2911,664.8250871736669,4419.097048144578,0.0,0.0,48.0,456.0754457305596,143.80969286832695,24434.49694729824
2912,664.8250871736669,4419.097048144578,0.0,0.0,48.0,456.0754457305596,143.80969286832698,24434.420934723952
2913,664.8250871736669,4419.097048144578,0.0,0.0,48.0,456.0754457305596,143.80969286832698,24434.344922149663
2914,664.8250871736669,4419.097048144578,0.0,0.0,48.0,456.0754457305596,143.80969286832698,24434.268909575374
2915,664.8250871736669,4419.097048144578,0.0,0.0,48.0,456.0754457305596,143.80969286832698,24434.192897001085
2916,664.7243169235177,4419.097048144578,0.0,0.0,48.0,456.1166769442191,143.65328761329403,24433.86028615861
2917,664.7243169235177,4419.097048144578,0.0,0.0,48.0,456.1166769442191,143.65328761329403,24433.784266712453
2918,664.7243169235177,4419.097048144578,0.0,0.0,48.0,456.1166769442191,143.65328761329403,24433.708247266295
2919,664.7243169235177,4419.097048144578,0.0,0.0,48.0,456.1166769442191,143.65328761329403,24433.632227820137
2920,664.7243169235177,4419.097048144578,0.0,0.0,48.0,456.1166769442191,143.65328761329403,24433.55620837398
2921,664.7243169235177,4419.097048144578,0.0,0.0,48.0,456.1166769442191,143.65328761329403,24433.480188927824
2922,664.7243169235177,4419.097048144578,0.0,0.0,48.0,456.1166769442191,143.65328761329403,24433.404169481666
2923,664.7243169235177,4419.097048144578,0.0,0.0,48.0,456.1166769442191,143.65328761329403,24433.328150035508
2924,664.7243169235177,4419.097048144578,0.0,0.0,48.0,456.1166769442191,143.65328761329403,24433.25213058935
2925,664.7243169235177,4419.097048144578,0.0,0.0,48.0,456.1166769442191,143.65328761329403,24433.17611114319
2926,664.7243169235177,4419.097048144578,0.0,0.0,48.0,456.1166769442191,143.653287613294,24433.100091697037
2927,664.6866899965356,4419.0970481445775,0.0,0.0,48.0,456.11590191261314,143.6504169430511,24432.9835652241
2928,664.6866899965356,4419.0970481445775,0.0,0.0,48.0,456.11590191261314,143.6504169430511,24432.907545907114
2929,664.6866899965356,4419.0970481445775,0.0,0.0,48.0,456.11590191261314,143.6504169430511,24432.83152659013
2930,664.6866899965356,4419.0970481445775,0.0,0.0,48.0,456.11590191261314,143.6504169430511,24432.755507273145
2931,664.6866899965356,4419.0970481445775,0.0,0.0,48.0,456.11590191261314,143.6504169430511,24432.67948795616
2932,664.6866899965356,4419.0970481445775,0.0,0.0,48.0,456.11590191261314,143.6504169430511,24432.603468639172
2933,664.6866899965356,4419.0970481445775,0.0,0.0,48.0,456.11590191261314,143.65041694305108,24432.527449322188
2934,664.6866899965356,4419.0970481445775,0.0,0.0,48.0,456.11590191261314,143.6504169430511,24432.451430005203
2935,664.6866899965356,4419.0970481445775,0.0,0.0,48.0,456.11590191261314,143.6504169430511,24432.375410688215
2936,664.6866899965354,4419.0970481445775,0.0,0.0,48.0,456.11590191261314,143.6504169430511,24432.29939137123
2937,664.6866899965357,4419.0970481445775,0.0,0.0,48.0,456.1783804424973,143.55936348739093,24432.132974623153
2938,664.7636171919518,4419.097048144578,0.0,0.0,48.0,456.2882967057241,143.33255943809147,24431.908203840583
2939,664.7636171919518,4419.097048144578,0.0,0.0,48.0,456.2882967057241,143.3325594380915,24431.83215579113
2940,664.7636171919518,4419.097048144578,0.0,0.0,48.0,456.3507752356083,143.2415059824313,24431.665679071317
2941,664.7636171919518,4419.097048144578,0.0,0.0,48.0,456.3507752356084,143.24150598243125,24431.58962060878
2942,664.7636171919518,4419.097048144579,0.0,0.0,48.0,456.3507752356084,143.2415059824313,24431.51356214624
2943,664.763617191952,4419.097048144579,0.0,0.0,48.0,456.50850431760887,143.01162139372155,24431.20911752127
2944,664.7636171919522,4419.097048144578,0.0,0.0,48.0,456.50850431760875,143.0116213937215,24431.13303277055
2945,664.763617191952,4419.097048144579,0.0,0.0,48.0,456.50850431760887,143.01162139372155,24431.056948019832
2946,664.763617191952,4419.097048144579,0.0,0.0,48.0,456.50850431760887,143.01162139372155,24430.980863269113
2947,664.763617191952,4419.097048144578,0.0,0.0,48.0,456.50850431760887,143.0116213937215,24430.90477851839
2948,664.763617191952,4419.097048144579,0.0,0.0,48.0,456.50850431760887,143.01162139372155,24430.82869376767
2949,664.763617191952,4419.097048144579,0.0,0.0,48.0,456.50850431760887,143.01162139372155,24430.752609016952
2950,664.763617191952,4419.097048144579,0.0,0.0,48.0,456.50850431760887,143.01162139372155,24430.676524266233
2951,664.7636171919522,4419.097048144578,0.0,0.0,48.0,456.50850431760875,143.0116213937215,24430.600439515514
2952,664.763617191952,4419.097048144579,0.0,0.0,48.0,456.50850431760887,143.01162139372155,24430.524354764795
2953,664.7636171919522,4419.097048144578,0.0,0.0,48.0,456.50850431760875,143.0116213937215,24430.448270014076
2954,664.7636171919522,4419.097048144578,0.0,0.0,48.0,456.50850431760875,143.0116213937215,24430.372185263353
2955,664.763617191952,4419.097048144579,0.0,0.0,48.0,456.50850431760875,143.01162139372155,24430.296100512634
2956,664.8919371870727,4417.144618410649,0.0,0.0,48.0,457.1360388653126,143.60512821402395,24428.994014763426
2957,664.8919371870727,4417.144618410649,0.0,0.0,48.0,457.1360388653126,143.60512821402395,24428.917825423614
2958,664.0782176296616,4409.983149798354,0.0,0.0,48.0,456.5107531935818,142.99443426060986,24420.251376960983
2959,664.0782176296615,4409.983149798353,0.0,0.0,48.0,456.5107531935818,142.9944342606099,24420.175291835447
2960,664.0782176296615,4409.983149798353,0.0,0.0,48.0,456.5107531935818,142.9944342606099,24420.099206709914
2961,664.0782176296617,4409.983149798355,0.0,0.0,48.0,456.8013395507684,142.63623030449975,24419.666806439596
2962,664.0782176296617,4409.983149798355,0.0,0.0,48.0,456.8013395507684,142.63623030449975,24419.590672883005
2963,664.0782176296617,4409.983149798354,0.0,0.0,48.0,456.80133955076843,142.63623030449975,24419.514539326414
2964,662.8348868648692,4403.458420386915,0.0,0.0,48.0,456.2474974246223,143.5277304653687,24412.5585227017
2965,662.8348868648693,4403.458420386915,0.0,0.0,48.0,456.5380837818089,143.1695265092586,24412.125972583104
2966,662.8348868648693,4403.458420386915,0.0,0.0,48.0,456.5380837818089,143.1695265092586,24412.049882902476
2967,662.8348868648693,4403.458420386915,0.0,0.0,48.0,456.5380837818089,143.1695265092586,24411.973793221845
2968,662.8348868648693,4403.458420386915,0.0,0.0,48.0,456.53808378180884,143.1695265092586,24411.897703541214
2969,662.8348868648693,4403.458420386915,0.0,0.0,48.0,456.53808378180884,143.1695265092586,24411.821613860586
2970,662.8348868648694,4403.458420386917,0.0,0.0,48.0,456.53808378180884,143.16952650925856,24411.745524179954
2971,663.1183400462907,4407.898369244218,0.0,0.0,48.0,456.2271021398378,143.23671103867645,24416.45851798953
2972,662.8348868648687,4403.458420386919,0.0,0.0,48.0,456.53808378180884,143.16952650925856,24411.593344818695
2973,662.8348868648687,4403.458420386919,0.0,0.0,48.0,456.53808378180884,143.16952650925856,24411.517255138067
2974,663.8282856754904,4378.464485068067,0.0,0.0,48.0,456.4322028725161,143.1548615814582,24387.42550520413
2975,663.5259524192854,4378.464485068067,0.0,0.0,48.0,456.121221230545,143.22204611087608,24387.112988686687
2976,663.2424992378635,4373.024883561186,0.0,0.0,48.0,456.4322028725161,143.1548615814582,24381.247973192
2977,663.2424992378637,4373.024883561185,0.0,0.0,48.0,456.4322028725161,143.1548615814582,24381.171901158184
2978,662.9401659816585,4373.024883561186,0.0,0.0,48.0,456.121221230545,143.22204611087608,24380.859540131565
2979,662.9401659816589,4373.024883561185,0.0,0.0,48.0,456.2168717165828,143.0868664904063,24380.648675084256
2980,662.9401659816587,4373.024883561185,0.0,0.0,48.0,456.2168717165828,143.0868664904063,24380.57263893897
2981,663.0151786862951,4373.024883561186,0.0,0.0,48.0,456.2313755291958,142.97569293530572,24380.460487871962
2982,663.0151786862951,4373.024883561185,0.0,0.0,48.0,456.2313755291958,142.97569293530572,24380.384449309375
2983,663.0151786862951,4373.024883561186,0.0,0.0,48.0,456.2313755291958,142.97569293530572,24380.308410746788
2984,663.0151786862951,4373.024883561186,0.0,0.0,48.0,456.23137552919576,142.97569293530572,24380.232372184197
2985,663.015178686295,4373.0248835611865,0.0,0.0,48.0,456.23137552919576,142.97569293530572,24380.15633362161
2986,663.0667128736335,4373.024883561186,0.0,0.0,48.0,456.2506349859691,142.9101546618634,24380.066335911648
2987,663.0667128736335,4373.024883561186,0.0,0.0,48.0,456.2506349859691,142.9101546618634,24379.99029413915
2988,663.0667128736335,4373.024883561186,0.0,0.0,48.0,456.25063498596904,142.91015466186343,24379.914252366652
2989,663.0142838590615,4373.024883561186,0.0,0.0,48.0,456.20130806442927,142.96157179132723,24379.83710827636
2990,663.0142838590615,4373.024883561186,0.0,0.0,48.0,456.20130806442927,142.9615717913273,24379.761074725015
2991,663.0142838590615,4373.024883561186,0.0,0.0,48.0,456.20130806442927,142.96157179132723,24379.68504117367
2992,663.0142838590615,4373.024883561186,0.0,0.0,48.0,456.20130806442927,142.96157179132723,24379.609007622326
2993,663.0142838590614,4373.0248835611865,0.0,0.0,48.0,456.2013080644292,142.96157179132723,24379.532974070982
2994,663.0142838590615,4373.024883561186,0.0,0.0,48.0,456.20130806442927,142.96157179132723,24379.456940519638
2995,663.0142838590615,4373.024883561186,0.0,0.0,48.0,456.20130806442927,142.96157179132723,24379.380906968294
2996,662.9808444607834,4373.024883561185,0.0,0.0,48.0,456.2380116874671,142.92286908318033,24379.23275577961
2997,663.0142838590614,4373.0248835611865,0.0,0.0,48.0,456.2013080644292,142.96157179132723,24379.228839865606
2998,663.0142838590615,4373.024883561186,0.0,0.0,48.0,456.20130806442927,142.9615717913273,24379.15280631426
2999,663.0142838590615,4373.024883561185,0.0,0.0,48.0,456.2013080644293,142.9615717913273,24379.076772762917
